dirname,type
ArefRuqaa-Bold,train
YujiSyuku-Regular,test
Taviraj-Regular,valid
Arvo-Regular,train
OvertheRainbow,test
DMMono-Medium,test
BeVietnamPro-ExtraLightItalic,test
MrsSaintDelafield-Regular,train
BaiJamjuree-SemiBold,test
FuzzyBubbles-Bold,train
KosugiMaru-Regular,test
IBMPlexSans-Thin,train
Prompt-LightItalic,train
FasterOne-Regular,train
MuktaMalar-ExtraBold,train
AveriaGruesaLibre-Regular,train
Offside-Regular,train
TiroBangla-Italic,valid
Tinos-BoldItalic,valid
MountainsofChristmas-Bold,train
Sansita-Italic,valid
KoPubBatang-Light,test
Rambla-Bold,valid
BeVietnamPro-Medium,test
Ranchers-Regular,valid
Abel-Regular,train
AveriaLibre-Regular,train
Convergence-Regular,train
SpectralSC-Medium,valid
Amiko-Bold,train
SedanSC-Regular,valid
AdventPro-Light,train
HindSiliguri-Light,train
Overpass-Italic[wght],train
Inconsolata-SemiExpandedMedium,train
Barlow-Black,train
Tomorrow-BlackItalic,test
Tangerine-Regular,valid
Mukta-Regular,train
Basic-Regular,train
Sarpanch-ExtraBold,valid
Arapey-Italic,train
UbuntuMono-Regular,valid
Spectral-ExtraBoldItalic,valid
Corinthia-Regular,test
RobotoCondensed-Bold,train
EncodeSansCondensed-Bold,train
MavenPro[wght],train
AnnieUseYourTelescope-Regular,train
Hurricane-Regular,test
Miniver-Regular,train
RobotoCondensed-Italic,train
Exo[wght],train
Teko-SemiBold,valid
Tajawal-ExtraBold,valid
ProzaLibre-SemiBold,train
CherryBombOne-Regular,test
Inconsolata-UltraCondensedExtraBold,train
Kodchasan-BoldItalic,test
PlayfairDisplaySC-Italic,train
AsapVFBeta-Condensed,valid
SignikaSC[wght],test
"Roboto-Italic[wdth,wght]",valid
PT_Sans-Caption-Web-Bold,test
Lato-ThinItalic,train
HindColombo-SemiBold,train
Poppins-SemiBold,train
Ubuntu-LightItalic,valid
SourceSans3[wght],test
Gelasio-SemiBold,test
Mali-SemiBoldItalic,test
AndikaNewBasic-Bold,test
Lato-BlackItalic,train
CrimsonText-BoldItalic,train
Rufina-Bold,valid
SairaExtraCondensed-Regular,valid
Rationale-Regular,valid
Mali-Regular,test
EduNSWACTFoundation[wght],train
IBMPlexMono-LightItalic,train
Lekton-Bold,train
SirinStencil-Regular,valid
SairaSemiCondensed-ExtraLight,valid
BellotaText-Regular,test
Julee-Regular,train
Mukta-ExtraBold,train
UnifrakturCook-Bold,valid
KulimPark-SemiBold,test
Oxygen-Bold,train
"MPLUSCodeLatin[wdth,wght]",test
Arsenal-BoldItalic,train
GFSNeohellenicBoldItalic,test
LoveYaLikeASister,train
Martel-UltraLight,train
Mplus1p-ExtraBold,train
CherrySwash-Bold,train
SeymourOne-Regular,valid
ZenMaruGothic-Bold,valid
FiraSansCondensed-ExtraBold,train
Inconsolata-SemiExpandedExtraBold,train
Mukta-Medium,train
LemonadaVFBeta,test
Lekton-Italic,train
Kanit-LightItalic,train
Inconsolata-CondensedLight,train
Gelasio-Medium,test
BioRhyme-Light,train
CraftyGirls-Regular,train
BeVietnam-ExtraBoldItalic,test
CormorantUnicase-Regular,train
Metal-Regular,test
EkMukta-ExtraLight,train
SometypeMono-Bold,test
UbuntuMono-BoldItalic,valid
Prompt-Medium,train
EkMukta-SemiBold,train
"Saira-Italic[wdth,wght]",valid
Poppins-Light,train
TsukimiRounded-Medium,test
Handlee-Regular,train
AlumniSans[wght],test
Bellota-Regular,test
IBMPlexMono-Regular,train
Sarpanch-SemiBold,valid
Monofett,test
IBMPlexSansHebrew-ExtraLight,test
BalooBhai2[wght],test
Martel-DemiBold,train
Poly-Regular,train
TiroTamil-Regular,train
TiroDevanagariMarathi-Italic,test
LateefRegOT,train
IBMPlexSans-Medium,train
Montaga-Regular,train
Ballet[opsz],test
AndadaPro-Italic[wght],test
Aleo-BoldItalic,test
Cousine-Italic,train
Parisienne-Regular,train
RubikOne-Regular,test
FiraSansCondensed-ExtraLight,train
DarkerGrotesque-Regular,test
AlegreyaSansSC-ExtraBold,train
Kodchasan-MediumItalic,test
SourceSansPro-SemiBoldItalic,valid
Sanchez-Regular,valid
PatuaOne-Regular,train
BaiJamjuree-ExtraLight,test
GowunDodum-Regular,test
KoHo-BoldItalic,test
Inconsolata-ExtraCondensedExtraLight,train
Chivo-Italic,train
IBMPlexSansCondensed-Light,train
GothicA1-ExtraBold,train
AlumniSansCollegiateOne-Regular,valid
GideonRoman-Regular,test
BonaNova-Bold,test
Amiri-BoldItalic,train
CormorantSC-SemiBold,train
Kodchasan-LightItalic,test
PassionOne-Regular,train
Kodchasan-ExtraLightItalic,test
Barlow-BoldItalic,train
Petrona-Italic[wght],train
SourceSerifPro-Italic,valid
Inconsolata-ExtraBold,train
LibreBarcode128Text-Regular,test
FiraSansExtraCondensed-Italic,train
MartelSans-Regular,train
RedHatMono-Italic[wght],test
Roboto-Medium,valid
ChakraPetch-ExtraLight,test
RobotoMono[wght],valid
AnonymousPro-Bold,train
Quantico-BoldItalic,valid
PalanquinDark-Medium,train
Piedra-Regular,train
SeoulHangangCondensed-ExtraBold,test
Sansation-Italic,valid
FanwoodText-Italic,train
Shalimar-Regular,train
Inder-Regular,train
ChakraPetch-Regular,test
Allura-Regular,train
GermaniaOne-Regular,train
Glegoo-Regular,train
Karla-Italic[wght],train
FiraSans-Bold,test
Fascinate-Regular,train
GothicA1-Thin,train
Judson-Bold,train
Inconsolata-UltraExpandedExtraLight,train
AveriaSerifLibre-Bold,train
BIZUDPMincho-Regular,test
Magra-Bold,train
Lusitana-Bold,train
NoticiaText-Regular,train
Macondo-Regular,train
McLaren-Regular,train
Arimo[wght],train
YaldeviColombo-Light,test
PublicSans[wght],test
B612-Italic,test
GothicA1-Medium,train
Electrolize-Regular,train
GentiumBookPlus-Italic,train
ZenKakuGothicNew-Light,valid
Amita-Bold,train
IBMPlexSansThaiLooped-Light,test
Suwannaphum-Regular,valid
Tuffy-Regular,valid
Rowdies-Light,test
Fahkwang-SemiBold,test
ChelaOne-Regular,train
BlackOpsOne-Regular,train
WaterBrush-Regular,test
DoppioOne-Regular,train
EncodeSansCondensed-Thin,train
Ranga-Regular,valid
Federo-Regular,train
AnticSlab-Regular,train
Gaegu-Regular,train
Puritan-BoldItalic,train
CodaCaption-ExtraBold,test
Average-Regular,train
Mali-ExtraLight,test
Dekko-Regular,train
BlackHanSans-Regular,train
BarlowCondensed-ExtraLightItalic,train
Sacramento-Regular,valid
Oxygen-Light,train
Exo-Italic[wght],train
MarckScript-Regular,train
"OpenSans-Italic[wdth,wght]",train
Allan-Bold,train
IBMPlexSansHebrew-Light,test
Inconsolata-ExtraCondensedBlack,train
IMFeGPit28P,train
IBMPlexSans-Italic,train
Pavanam-Regular,train
Grenze-MediumItalic,test
Srisakdi-Regular,test
MarkaziText[wght],train
LibreBarcode39ExtendedText-Regular,test
SourceSerifPro-BoldItalic,valid
K2D-ExtraLightItalic,test
ZillaSlab-LightItalic,test
AveriaLibre-Light,train
BungeeOutline-Regular,train
Rajdhani-Medium,valid
IstokWeb-Bold,train
BarlowCondensed-LightItalic,train
Mada-Light,train
B612Mono-Bold,test
Overlock-Italic,train
Inconsolata-SemiCondensed,train
FamiljenGrotesk[wght],test
Flamenco-Light,train
Rasa[wght],valid
PostNoBillsColombo-Regular,train
LeckerliOne-Regular,train
Asset-Regular,train
MonsieurLaDoulaise-Regular,train
Sarabun-Thin,valid
ZillaSlab-SemiBoldItalic,test
InknutAntiqua-Regular,train
EduQLDBeginners[wght],train
BarlowSemiCondensed-LightItalic,train
TiroTamil-Italic,valid
ZhiMangXing-Regular,test
Trirong-BlackItalic,valid
PT_Sans-Narrow-Web-Bold,test
Bangers-Regular,train
BIZUDGothic-Regular,train
MuktaMalar-Regular,train
Tomorrow-Thin,test
Khula-Light,train
Hanuman-Regular,train
Prompt-Italic,train
"Anybody[wdth,wght]",test
KoHo-ExtraLightItalic,test
Dorsa-Regular,train
OldStandard-Regular,train
Yantramanav-Regular,test
Bahiana-Regular,train
Bellota-Bold,test
Solway-Bold,test
Khula-ExtraBold,train
AbyssinicaSIL-Regular,train
Barlow-ExtraLight,train
ComicNeue-LightItalic,test
AlegreyaSans-Italic,train
CreepsterCaps-Regular,train
HermeneusOne-Regular,train
KoHo-LightItalic,test
Puritan-Bold,train
Gorditas-Regular,train
K2D-ExtraLight,test
FanwoodText-Regular,train
"NotoSansDisplay-Italic[wdth,wght]",test
FiraSansCondensed-Thin,train
Quantico-Italic,valid
BarlowSemiCondensed-ExtraLight,train
Plaster-Regular,train
InriaSans-Bold,test
Tomorrow-LightItalic,test
HeptaSlab[wght],test
Timmana-Regular,valid
PlusJakartaSans[wght],valid
ZillaSlab-MediumItalic,test
Anton-Regular,train
CutiveMono-Regular,train
Oi-Regular,test
LondrinaShadow-Regular,train
Trochut-Italic,valid
AtkinsonHyperlegible-BoldItalic,test
Solway-Light,test
Lato-BoldItalic,train
Prompt-Thin,train
Chilanka-Regular,test
Thabit,valid
GamjaFlower-Regular,train
CormorantSC-Medium,train
BenchNine-Light,train
MuktaMalar-ExtraLight,train
CaesarDressing-Regular,train
AlegreyaSans-Thin,train
SeoulNamsanCondensed-Bold,test
XanhMono-Regular,test
MPLUS1[wght],test
GenBasR,train
ComingSoon-Regular,train
Mada-Regular,train
EkMukta-ExtraBold,train
SpectralSC-Bold,valid
ArchivoNarrow[wght],train
InriaSans-Light,test
QwitcherGrypen-Regular,test
Chathura-Bold,train
PaytoneOne-Regular,train
STIXTwoText[wght],test
Pridi-Regular,train
Inika-Regular,train
EricaOne-Regular,train
RaviPrakash-Regular,valid
Poppins-LightItalic,train
K2D-Medium,test
Karla[wght],train
Spartan[wght],test
BeVietnam-Medium,test
RobotoCondensed-BoldItalic,train
Italiana-Regular,train
BrunoAceSC-Regular,train
SourceSerifPro-SemiBold,valid
ShipporiMincho-Bold,test
Solway-Medium,test
BarlowCondensed-ExtraBold,train
BioRhyme-ExtraBold,train
MeriendaOne-Regular,train
IBMPlexSansCondensed-ExtraLight,train
PatrickHandSC-Regular,train
IMFeENrm28P,valid
"AnekGujarati[wdth,wght]",test
Federant-Regular,train
AlegreyaSC-Bold,train
BenchNine-Regular,train
MeaCulpa-Regular,train
Taprom-Regular,test
TextMeOne-Regular,valid
Mitr-Light,train
Niramit-Italic,test
KulimPark-Bold,test
BioRhyme-Bold,train
Corben-Bold,test
CormorantInfant-LightItalic,train
IMFeGPrm28P,test
Lato-SemiBold,train
OoohBaby-Regular,train
BlakaHollow-Regular,valid
Chivo-Bold,train
SourceSansPro-Italic,valid
SpectralSC-ExtraLight,valid
TiroKannada-Regular,test
SeoulNamsan-Light,train
TsukimiRounded-Regular,test
ZCOOLXiaoWei-Regular,test
Candal,test
CherryCreamSoda-Regular,train
Niramit-Bold,test
SansitaOne-Regular,valid
SourceSansPro-LightItalic,valid
"Literata-Italic[opsz,wght]",test
Taviraj-Medium,valid
KoHo-SemiBold,test
EmilysCandy-Regular,train
KdamThmorPro-Regular,test
Niramit-Light,test
"Imbue[opsz,wght]",test
Arya-Regular,train
Glory[wght],test
MaidenOrange-Regular,train
Caudex-Regular,train
SeoulNamsan-Medium,train
Simonetta-Regular,valid
BarlowSemiCondensed-ExtraBold,train
HindColombo-Medium,train
Atma-Regular,train
Inconsolata-Condensed,train
CharisSIL-Regular,valid
KulimPark-LightItalic,test
InknutAntiqua-Light,train
Inconsolata-SemiCondensedRegular,train
TsukimiRounded-Bold,test
Inconsolata-UltraCondensedLight,train
Martel-Heavy,train
Genos-Italic[wght],test
Inconsolata-ExtraCondensed,train
ScheherazadeNew-Bold,test
Cambay-Bold,train
InriaSans-BoldItalic,test
HindJalandhar-Bold,train
FiraSans-Light,test
MuktaVaani-Light,train
Neuton-Italic,train
CevicheOne-Regular,train
Outfit[wght],test
IBMPlexSansThaiLooped-Bold,test
ZillaSlab-Bold,test
Livvic-SemiBold,test
WorkSans-Italic[wght],test
Cormorant[wght],train
AsapCondensed-SemiBoldItalic,train
AlegreyaSansSC-ThinItalic,train
InknutAntiqua-Bold,train
HindSiliguri-Bold,train
Notable-Regular,train
DrSugiyama-Regular,train
MerriweatherSans-Italic[wght],train
Neonderthaw-Regular,train
CormorantGaramond-LightItalic,train
Chivo-BlackItalic,train
Sedan-Italic,valid
Inconsolata-SemiCondensedExtraLight,train
HindKochi-Regular,train
IMFELLDoublePica-Italic,test
CreteRound-Regular,train
Roboto-BlackItalic,valid
NoticiaText-BoldItalic,train
Hind-Bold,train
Tomorrow-Black,test
OpenSansHebrewCondensed-ExtraBold,test
SometypeMono-Medium,test
OleoScriptSwashCaps-Regular,train
Cantarell-Bold,train
AlegreyaSC-ExtraBoldItalic,train
Bitter[wght],train
PostNoBillsColombo-Medium,train
ScopeOne-Regular,valid
Lusitana-Regular,train
Brygada1918-Italic[wght],test
FiraSansCondensed-Light,train
TsukimiRounded-Light,test
ZenKakuGothicNew-Medium,train
Palanquin-Thin,train
CormorantGaramond-Bold,train
ABeeZee-Regular,train
MoonDance-Regular,valid
OpenSansCondensed-LightItalic,train
Coiny-Regular,train
Karma-Medium,train
Taviraj-ExtraLightItalic,valid
NunitoSans-Italic,train
RobotoCondensed-LightItalic,test
DecovarAlpha-VF,train
EncodeSansSemiCondensed-Regular,train
Gelasio-MediumItalic,test
FiraSansExtraCondensed-ThinItalic,train
PassionsConflict-Regular,test
FiraCode[wght],test
Redressed-Regular,valid
Kadwa-Regular,train
DigitalNumbers-Regular,train
Rochester-Regular,valid
ZillaSlab-Light,test
EncodeSansExpanded-Bold,train
GFSNeohellenicItalic,train
HindVadodara-Medium,train
Lalezar-Regular,train
BaiJamjuree-ExtraLightItalic,test
Gayathri-Bold,test
BarlowSemiCondensed-Black,train
LongCang-Regular,test
TiroGurmukhi-Italic,valid
Gurajada-Regular,train
Barlow-ExtraLightItalic,train
EncodeSansExpanded-Thin,train
IBMPlexSans-Bold,train
Alice-Regular,train
Nokora-Thin,train
Trochut-Bold,valid
SpectralSC-ExtraBold,valid
Marvel-Italic,train
CabinSketch-Regular,train
KaiseiDecol-Medium,test
MrDafoe-Regular,train
Kodchasan-ExtraLight,test
YesevaOne-Regular,test
NotoKufiArabic[wght],test
SpectralSC-ExtraLightItalic,valid
Blinker-ExtraLight,test
ChangaOne-Italic,train
BarlowCondensed-Bold,train
Ubuntu-Medium,valid
Roboto-BoldItalic,valid
Syncopate-Bold,valid
HindGuntur-SemiBold,train
MerriweatherSans[wght],train
Barlow-SemiBoldItalic,train
SplineSansMono[wght],test
Joan-Regular,train
VollkornSC-Black,valid
HindKochi-SemiBold,train
Caveat[wght],train
IMFeGPsc28P,test
FiraSans-ExtraLight,test
K2D-Thin,test
Taviraj-SemiBold,valid
BalooThambi2[wght],test
Inconsolata-ExtraCondensedSemiBold,train
Teko-Bold,valid
Voces-Regular,valid
ZillaSlab-Regular,test
AlegreyaSC-Black,train
Gudea-Bold,train
Bilbo-Regular,train
Taviraj-LightItalic,valid
Coda-Regular,train
BeVietnam-BoldItalic,test
BarlowSemiCondensed-BoldItalic,train
Hind-SemiBold,train
RedactedScript-Regular,test
FleurDeLeah-Regular,test
RedHatText-Italic[wght],test
Bitter-Italic[wght],train
NewRocker-Regular,train
NanumMyeongjo-Bold,train
MuktaMalar-Medium,train
"Archivo-Italic[wdth,wght]",train
Catamaran[wght],train
Slackey-Regular,valid
EncodeSansSemiCondensed-ExtraBold,train
QuattrocentoSans-Regular,valid
ArimaMadurai-Black,train
IBMPlexSansArabic-Thin,test
HindGuntur-Medium,train
CharisSIL-BoldItalic,train
ElMessiri[wght],train
Inconsolata-SemiExpanded,train
Suranna-Regular,valid
LibreBaskerville-Bold,train
FredokaOne-Regular,train
RugeBoogie-Regular,valid
Amarante-Regular,train
Cuprum-Italic[wght],train
GoudyBookletter1911,test
IBMPlexSans-SemiBoldItalic,train
LobsterTwo-BoldItalic,train
Slabo13px-Regular,valid
Kodchasan-Bold,test
"Texturina-Italic[opsz,wght]",test
"Inter[slnt,wght]",test
RobotoCondensed-Regular,valid
PontanoSans-Regular,train
Galdeano-Regular,train
Yantramanav-Thin,test
BeVietnamPro-LightItalic,test
IMFePIsc28P,test
SourceSansPro-SemiBold,valid
Suwannaphum-Black,valid
Suwannaphum-Light,valid
LexendGiga[wght],test
"AnekDevanagari[wdth,wght]",train
Amiri-Bold,train
AndikaNewBasic-BoldItalic,test
RubikBeastly-Regular,test
KumbhSans[wght],test
CormorantInfant-BoldItalic,train
"SourceSerif4-Italic[opsz,wght]",test
GothicA1-Bold,train
NotoSansMath-Regular,test
AsapVFBeta,train
Glory-Italic[wght],test
PaletteMosaic-Regular,test
Freehand-Regular,test
Amiri-Regular,train
BellotaText-Light,test
StyleScript-Regular,test
PlayfairDisplay-Italic[wght],train
RubikWetPaint-Regular,valid
Nobile-Medium,train
AnticDidone-Regular,train
Glegoo-Bold,train
FrankRuhlLibre-Regular,train
HanaleiFill-Regular,train
YujiBoku-Regular,test
FiraSans-SemiBold,test
Codystar-Regular,train
Praise-Regular,test
Comforter-Regular,test
Fahkwang-Medium,test
Barlow-Bold,train
CormorantInfant-Italic,train
Mina-Regular,train
Arvo-BoldItalic,train
JacquesFrancois-Regular,train
CormorantGaramond-SemiBoldItalic,train
Atma-SemiBold,train
Pridi-SemiBold,train
PlayfairDisplay[wght],train
Qahiri-Regular,test
Niramit-BoldItalic,test
BarlowCondensed-ExtraLight,train
Charmonman-Regular,test
Taviraj-Italic,valid
RopaSans-Italic,valid
Arimo-Italic[wght],train
FiraSansExtraCondensed-MediumItalic,train
Philosopher-Italic,train
K2D-Bold,test
Suravaram-Regular,valid
Kodchasan-SemiBoldItalic,test
Sunflower-Bold,valid
IBMPlexSansCondensed-MediumItalic,train
InknutAntiqua-Black,train
VastShadow-Regular,valid
BigelowRules-Regular,train
PortLligatSlab-Regular,train
"Newsreader-Italic[opsz,wght]",test
Cardo-Italic,train
Share-Regular,valid
TurretRoad-Regular,test
Ultra-Regular,valid
CormorantUnicase-Bold,train
Exo2[wght],train
Manjari-Regular,test
IBMPlexSansThai-Regular,test
ComicNeue-Bold,test
KiwiMaru-Regular,test
SairaSemiCondensed-Black,valid
"Cabin[wdth,wght]",train
AveriaSansLibre-Bold,train
ArimaMadurai-ExtraBold,train
AbhayaLibre-Medium,train
OpenSansHebrewCondensed-LightItalic,train
AnonymousPro-Italic,train
Hind-Regular,train
Inconsolata-CondensedBold,train
Underdog-Regular,valid
Pattaya-Regular,train
SourceSerifPro-LightItalic,valid
Condiment-Regular,train
SeoulNamsanCondensed-Black,test
AutourOne-Regular,train
BeVietnamPro-SemiBoldItalic,test
OleoScript-Bold,train
DMMono-MediumItalic,test
FiraSansExtraCondensed-BlackItalic,train
ZenKakuGothicAntique-Black,train
EncodeSansSemiExpanded-Bold,train
SairaCondensed-ExtraBold,valid
LibreBarcodeEAN13Text-Regular,test
Inconsolata-ExtraExpandedExtraBold,train
Spectral-LightItalic,valid
FiraSansExtraCondensed-Medium,train
GenBkBasB,valid
NotoSans-SemiBold,train
MiriamLibre-Bold,train
HinaMincho-Regular,test
IBMPlexSansDevanagari-Light,test
LobsterTwo-Regular,train
FiraSansExtraCondensed-ExtraBoldItalic,train
Kanit-Regular,train
CormorantGaramond-Regular,train
Goldman-Bold,test
DMSans-Medium,test
ZenKurenaido-Regular,test
Palanquin-ExtraLight,train
Milonga-Regular,train
Nosifer-Regular,train
DarkerGrotesque-Bold,test
BigShouldersDisplay[wght],test
Sarabun-Bold,valid
CormorantInfant-Medium,train
MuktaMahee-ExtraBold,train
BigShouldersStencilText[wght],test
LibreCaslonText-Italic[wght],train
OFLGoudyStMTT,train
Ubuntu-Italic,valid
Devonshire-Regular,train
FjallaOne-Regular,train
ExpletusSans[wght],train
Flavors-Regular,train
Sansation-BoldItalic,valid
GowunBatang-Regular,test
Preahvihear-Regular,test
HammersmithOne-Regular,train
Khand-Light,train
BIZUDGothic-Bold,test
Forum-Regular,train
"AnekTelugu[wdth,wght]",train
Anaheim-Regular,train
IBMPlexSerif-ExtraLight,train
FiraSans-ThinItalic,test
Kufam[wght],test
IMFePIit28P,valid
BarlowCondensed-BoldItalic,train
KiwiMaru-Medium,test
GloriaHallelujah,test
MarcellusSC-Regular,train
UnifrakturMaguntia-Book,test
Genos[wght],test
AbrilFatface-Regular,train
MouseMemoirs-Regular,train
RubikPuddles-Regular,train
RedactedScript-Bold,test
SeoulHangangCondensed-Light,test
Cantarell-BoldOblique,train
BadScript-Regular,train
Inconsolata-ExpandedLight,train
DancingScript[wght],train
SassyFrass-Regular,train
IBMPlexSansCondensed-Bold,train
WindSong-Regular,test
Hubballi-Regular,valid
Taviraj-ThinItalic,valid
Katibeh-Regular,train
Rosarivo-Italic,valid
Taviraj-Light,valid
Livvic-SemiBoldItalic,test
Oxanium[wght],test
AveriaSerifLibre-Regular,train
FiraSans-ExtraLightItalic,test
Inconsolata-ExtraExpandedRegular,train
BarlowCondensed-Regular,train
Krub-Light,test
Mohave-Italic[wght],test
AsapCondensed-BoldItalic,train
MontserratAlternates-ExtraLight,train
"Fredoka[wdth,wght]",test
Blinker-Black,test
PirataOne-Regular,train
Almendra-Italic,train
Mukta-Light,train
PostNoBillsJaffna-ExtraBold,train
Inconsolata-UltraExpandedMedium,train
FamiljenGrotesk-Italic[wght],train
CrimsonText-Italic,train
Fahkwang-Italic,test
NotoSerif-Italic,train
Charm-Bold,test
Mali-Italic,test
Puritan-Regular,train
AtkinsonHyperlegible-Regular,test
DMSerifDisplay-Italic,test
Kanit-ExtraBoldItalic,train
BellotaText-BoldItalic,test
IBMPlexSansThaiLooped-Medium,test
BrunoAce-Regular,train
DMSerifText-Regular,test
Vollkorn-Italic[wght],test
EncodeSansCondensed-Medium,train
NoticiaText-Bold,train
Lato-ExtraLightItalic,train
YujiHentaiganaAkebono-Regular,test
SourceCodePro-Italic[wght],valid
CabinCondensed-SemiBold,train
JosefinSlab-Italic[wght],train
AveriaSerifLibre-BoldItalic,train
STIXTwoMath-Regular,test
Inconsolata-SemiExpandedExtraLight,train
Inconsolata-ExtraExpandedMedium,train
K2D-LightItalic,test
Tinos-Bold,valid
Orbitron[wght],train
AbhayaLibre-Regular,train
Dongle-Bold,test
Mate-Regular,train
Spectral-Regular,valid
ComicNeue-Light,test
YujiHentaiganaAkari-Regular,test
TitilliumWeb-Italic,valid
SeoulHangang-ExtraBold,test
Chivo-BoldItalic,train
IBMPlexSansDevanagari-Bold,test
Krub-Bold,test
Kanit-Light,train
MysteryQuest-Regular,train
KirangHaerang-Regular,train
MuktaVaani-ExtraBold,train
Karantina-Regular,test
Poppins-SemiBoldItalic,train
Sen-ExtraBold,test
MontserratSubrayada-Regular,train
GoblinOne,test
Mplus1p-Black,train
DotGothic16-Regular,test
Ruda[wght],valid
Palanquin-SemiBold,train
Inconsolata-UltraCondensedSemiBold,train
Ephesis-Regular,test
Sarabun-Medium,valid
LifeSavers-Regular,train
Share-Italic,valid
AlmendraSC-Regular,train
Maitree-Bold,train
Habibi-Regular,train
"Piazzolla[opsz,wght]",test
Nunito-Italic[wght],train
Inconsolata-UltraExpandedExtraBold,train
Kodchasan-SemiBold,test
Aldrich-Regular,train
Play-Regular,train
SulphurPoint-Light,test
GothicA1-Light,train
CreteRound-Italic,train
ZillaSlab-Medium,test
SulphurPoint-Regular,test
FiraSans-LightItalic,test
YatraOne-Regular,test
Merriweather-BlackItalic,train
ViaodaLibre-Regular,test
Jomhuria-Regular,train
MPLUS2[wght],test
Kanit-Thin,train
Ramabhadra-Regular,valid
Biryani-Bold,train
GentiumBookPlus-BoldItalic,valid
EncodeSansCondensed-Light,train
IBMPlexSansHebrew-Bold,test
Pacifico-Regular,train
LibreBodoni[wght],test
TiroKannada-Italic,train
Whisper-Regular,test
Audiowide-Regular,train
NotoSans-Bold,train
BalsamiqSans-Bold,test
Krub-Italic,test
K2D-ThinItalic,test
PT_Sans-Web-Bold,train
BarlowSemiCondensed-BlackItalic,train
BioRhymeExpanded-Regular,train
KellySlab-Regular,train
Biryani-SemiBold,train
Merienda-Regular,train
Inconsolata-SemiExpandedBlack,train
Livvic-LightItalic,test
SpaceMono-Regular,valid
BioRhyme-Regular,train
BeVietnamPro-Light,test
Sarpanch-Bold,valid
SendFlowers-Regular,valid
Spinnaker-Regular,valid
Stalemate-Regular,valid
IBMPlexSansKR-ExtraLight,test
Castoro-Regular,test
Faustina-Italic[wght],train
PostNoBillsJaffna-Light,train
SairaExtraCondensed-SemiBold,valid
CormorantInfant-SemiBold,train
MrDeHaviland-Regular,train
AlegreyaSans-LightItalic,train
OleoScriptSwashCaps-Bold,train
ZillaSlabHighlight-Regular,test
BellotaText-Italic,test
CourierPrime-Regular,test
EuphoriaScript-Regular,train
PalanquinDark-SemiBold,train
EduVICWANTBeginner[wght],test
WendyOne-Regular,test
VampiroOne-Regular,valid
JejuMyeongjo-Regular,train
Sniglet-ExtraBold,valid
AoboshiOne-Regular,test
jsMath-cmmi10,test
Aubrey-Regular,train
Manuale[wght],train
Poppins-Italic,train
Trirong-Regular,valid
Athiti-SemiBold,train
DMSans-BoldItalic,test
NotoSansJP[wght],test
FingerPaint-Regular,train
CinzelDecorative-Black,train
IstokWeb-Regular,train
BaiJamjuree-Medium,test
Syncopate-Regular,valid
BigShouldersStencilDisplay[wght],test
Codystar-Light,train
Rancho-Regular,valid
Monoton-Regular,train
ZillaSlab-BoldItalic,test
TaiHeritagePro-Regular,train
DMMono-Light,test
DMSans-Regular,test
BeVietnamPro-Thin,test
LondrinaSolid-Black,train
HindMysuru-Medium,train
Tomorrow-Light,test
AveriaSansLibre-Regular,train
Inconsolata-UltraExpanded,train
Gwendolyn-Regular,valid
Unlock-Regular,valid
PasseroOne-Regular,train
Chivo-Light,train
TurretRoad-ExtraBold,test
SignikaNegativeSC-SemiBold,test
Snippet,test
BeauRivage-Regular,test
Teko-Light,valid
Creepster-Regular,train
RobotoCondensed-Light,train
MontserratAlternates-Black,train
NosiferCaps-Regular,train
Bellefair-Regular,train
CormorantInfant-Bold,train
FiraSansCondensed-ExtraLightItalic,train
Karma-Bold,train
Inconsolata-Light,train
Spectral-SemiBoldItalic,valid
Sansita-Bold,valid
HindKochi-Bold,train
Hanuman-Bold,train
GiveYouGlory,test
LindenHill-Regular,train
Martel-Bold,train
CormorantUpright-Bold,train
Lato-Black,train
OdorMeanChey-Regular,test
CormorantInfant-Regular,train
Sansita-ExtraBold,valid
Poppins-ExtraBoldItalic,train
"AnekOdia[wdth,wght]",test
FiraSans-Thin,test
BirthstoneBounce-Regular,test
FiraSans-SemiBoldItalic,test
Lekton-Regular,train
Prompt-MediumItalic,train
Urbanist-Italic[wght],test
Sora[wght],test
KohSantepheap-Thin,test
Inspiration-Regular,train
IBMPlexMono-SemiBoldItalic,train
Shanti-Regular,valid
NTR-Regular,train
Akshar[wght],valid
RuslanDisplay,test
IBMPlexSans-MediumItalic,train
Chivo-Regular,train
BarlowSemiCondensed-SemiBold,train
Licorice-Regular,test
Inconsolata-SemiCondensedBlack,train
Revalia-Regular,valid
Cousine-Bold,train
ZenKakuGothicAntique-Light,train
InriaSerif-BoldItalic,test
Trirong-SemiBoldItalic,valid
OpenSansHebrew-LightItalic,test
AnonymousPro-BoldItalic,train
ShortStack-Regular,valid
CoveredByYourGrace,test
Mitr-SemiBold,train
KottaOne-Regular,train
Lato-ExtraLight,train
Vidaloka-Regular,valid
Taviraj-Bold,valid
KaiseiTokumin-ExtraBold,test
NotoSans-SemiBoldItalic,train
Grenze-ThinItalic,test
MuktaMahee-ExtraLight,train
Petrona[wght],train
Nunito[wght],train
AlegreyaSans-Black,train
CantataOne-Regular,train
Itim-Regular,train
Tomorrow-SemiBold,test
NunitoSans-ExtraLight,train
Simonetta-BlackItalic,valid
Bayon-Regular,test
AverageSans-Regular,train
Kanit-SemiBold,train
NanumGothicCoding-Bold,train
IbarraRealNova-Italic[wght],test
UbuntuMono-Bold,valid
BarlowCondensed-ExtraBoldItalic,train
ProzaLibre-BoldItalic,train
DoHyeon-Regular,train
HindMysuru-Bold,train
MontserratAlternates-BoldItalic,train
OpenSansHebrew-Regular,train
BarlowSemiCondensed-Italic,train
BlackAndWhitePicture-Regular,train
PragatiNarrow-Regular,train
LondrinaSketch-Regular,train
"Georama[wdth,wght]",test
StickNoBills[wght],test
Gelasio-BoldItalic,test
SpectralSC-SemiBold,valid
BeVietnamPro-Italic,test
ABeeZee-Italic,train
Thasadith-Bold,test
IBMPlexSerif-SemiBold,train
Gwendolyn-Bold,valid
LexendTera[wght],test
Quintessential-Regular,valid
KulimPark-ExtraLight,test
PlayfairDisplaySC-BlackItalic,train
Shrikhand-Regular,valid
Raleway[wght],valid
PostNoBillsJaffna-Regular,train
Livvic-BlackItalic,test
Inconsolata-SemiExpandedRegular,train
Sunflower-Light,valid
BonaNova-Regular,test
Grandstander-Italic[wght],test
SedgwickAve-Regular,valid
Tharlon-Regular,test
Bellota-Italic,test
Asul-Regular,train
PodkovaVFBeta,train
Junge-Regular,train
BarlowSemiCondensed-Light,train
LondrinaSolid-Light,train
Inconsolata-UltraCondensedBold,train
BigShouldersText[wght],test
BaiJamjuree-LightItalic,test
AveriaSansLibre-Light,train
BarlowCondensed-SemiBold,train
BaiJamjuree-MediumItalic,test
Lato-MediumItalic,train
RoundedMplus1c-Black,test
BeVietnamPro-Regular,test
IBMPlexSans-Regular,train
Inconsolata-UltraExpandedLight,train
SeoulHangangCondensed-BoldL,train
TulpenOne-Regular,valid
MartelSans-ExtraBold,train
"AnekBangla[wdth,wght]",valid
SourceSansPro-ExtraLight,valid
NunitoSans-BlackItalic,train
Maitree-Light,train
QuattrocentoSans-Italic,valid
Ramaraja-Regular,valid
SigmarOne-Regular,valid
Palanquin-Light,train
FiraMono-Bold,test
IBMPlexSans-Light,train
Merienda-Bold,train
Thabit-Bold,valid
Taviraj-BlackItalic,valid
IBMPlexSansThaiLooped-ExtraLight,test
Rajdhani-Light,valid
DeliusSwashCaps-Regular,train
AdventPro-Regular,train
Blaka-Regular,test
Sarabun-Light,valid
Barlow-BlackItalic,train
FiraSansCondensed-BlackItalic,train
Inconsolata-UltraExpandedRegular,train
Trirong-ExtraBold,valid
EncodeSansExpanded-Light,train
Niramit-SemiBold,test
Marvel-Bold,train
Mplus1p-Thin,train
IBMPlexSansThai-Bold,test
KaiseiTokumin-Regular,test
Inconsolata-ExpandedExtraBold,train
FugazOne-Regular,train
Philosopher-BoldItalic,train
BungeeShade-Regular,train
NovaCut,test
BarlowSemiCondensed-SemiBoldItalic,train
SnowburstOne-Regular,valid
K2D-Italic,test
IBMPlexSansCondensed-LightItalic,train
Stick-Regular,test
SansitaSwashed[wght],test
Caudex-BoldItalic,train
Amita-Regular,train
Dhurjati-Regular,train
DMSans-Italic,test
NanumBrushScript-Regular,train
EkMukta-Light,train
KohSantepheap-Light,test
BalooBhaina2[wght],test
Inconsolata-ExpandedExtraLight,train
Ranga-Bold,valid
Amaranth-Italic,train
InriaSans-Italic,test
NunitoSans-ExtraBold,train
Rosarivo-Regular,valid
BeVietnamPro-BoldItalic,test
ShipporiMinchoB1-Medium,test
"SofiaSans[wdth,wght]",test
Sansita-BlackItalic,valid
RumRaisin-Regular,valid
KoHo-Light,test
Lato-Medium,train
Adamina-Regular,train
ArbutusSlab-Regular,train
JetBrainsMono-Italic[wght],test
NotoSansTC[wght],test
JosefinSans[wght],train
SeoulNamsanCondensed-ExtraBold,test
Mohave[wght],test
Sansita-Black,valid
Sofia-Regular,valid
SairaExtraCondensed-Bold,valid
Stylish-Regular,valid
Poppins-Thin,train
FuzzyBubbles-Regular,train
RalewayDots-Regular,valid
FiraSansCondensed-Italic,train
SeoulHangang-Bold,valid
CormorantUnicase-Medium,train
Harmattan-Bold,train
GildaDisplay-Regular,train
SignikaNegativeSC-Bold,test
ComicNeue-Regular,test
TaiHeritagePro-Bold,test
LindenHill-Italic,train
Graduate-Regular,train
Inconsolata-SemiExpandedLight,train
Ruthie-Regular,valid
Peddana-Regular,train
Almarai-ExtraBold,test
LaBelleAurore,test
Laila-Light,train
Trirong-Light,valid
EncodeSansSemiExpanded-Thin,train
Gruppo-Regular,train
MartelSans-SemiBold,train
Acme-Regular,train
IBMPlexMono-Medium,train
Aboreto-Regular,train
Prompt-Black,train
EncodeSansExpanded-ExtraBold,train
IBMPlexSansThai-Thin,test
Sarina-Regular,valid
Baumans-Regular,train
IBMPlexMono-Thin,train
Kenia-Regular,train
MeowScript-Regular,test
Hanalei-Regular,train
Dangrek-Regular,test
Dhyana-Regular,train
Poppins-Regular,train
Inconsolata-ExtraCondensedBold,train
BarlowCondensed-Thin,train
CherrySwash-Regular,train
Prompt-Bold,train
Cookie-Regular,train
Athiti-ExtraLight,train
Overlock-Bold,train
Mogra-Regular,train
AlegreyaSans-ExtraBoldItalic,train
EncodeSansSemiExpanded-ExtraBold,train
Knewave-Regular,train
ArimaMadurai-ExtraLight,train
Mali-BoldItalic,test
EduSABeginner[wght],train
Taviraj-Thin,valid
SpectralSC-BoldItalic,valid
NotoSerif-Regular,train
Cardo-Regular,train
SpicyRice-Regular,valid
SlacksideOne-Regular,test
Sarabun-Regular,valid
AllertaStencil-Regular,train
Simonetta-Italic,valid
AbhayaLibre-ExtraBold,train
IBMPlexMono-ExtraLightItalic,train
Stoke-Light,valid
ShipporiAntique-Regular,test
Mali-Light,test
FiraSans-Medium,test
Suwannaphum-Bold,valid
Cantarell-Regular,train
Corinthia-Bold,test
Nokora-Light,train
PostNoBillsJaffna-SemiBold,train
InriaSans-LightItalic,test
SupermercadoOne-Regular,valid
NovaFlat,test
ZenMaruGothic-Light,valid
Tajawal-Bold,valid
Vibur-Regular,valid
Tajawal-ExtraLight,valid
NotoSansSymbols[wght],test
Inconsolata-ExtraLight,train
Lemon-Regular,train
CourierPrime-BoldItalic,test
Play-Bold,train
Alef-Bold,train
Sansita-Regular,valid
Taviraj-ExtraLight,valid
Economica-Regular,train
Varta[wght],valid
Taviraj-ExtraBold,valid
Lacquer-Regular,test
PT_Sans-Caption-Web-Regular,test
Cardo-Bold,train
Ligconsolata-Regular,train
AlegreyaSans-ThinItalic,train
AreYouSerious-Regular,test
VesperLibre-Bold,valid
FiraSans-Regular,test
IBMPlexSansHebrew-Medium,test
Oranienbaum-Regular,train
ProzaLibre-Regular,train
Butcherman-Regular,train
NewsCycle-Bold,train
Tajawal-Black,valid
Fondamento-Regular,train
Risque-Regular,valid
GothicA1-Regular,train
ShipporiAntiqueB1-Regular,test
Blinker-ExtraBold,test
Calistoga-Regular,test
Jaldi-Regular,train
TenorSans-Regular,valid
ComforterBrush-Regular,test
BeVietnam-ExtraBold,test
Barriecito-Regular,test
Gotu-Regular,test
UnicaOne-Regular,valid
ChakraPetch-Light,test
FiraSansCondensed-SemiBold,train
Bhavuka-Regular,train
NanumGothic-Bold,train
PT_Sans-Web-BoldItalic,test
LoversQuarrel-Regular,train
Gelasio-Italic,test
AsapCondensed-Regular,train
SourceSerifPro-ExtraLightItalic,valid
Arbutus-Regular,train
Tillana-ExtraBold,valid
Sintony-Regular,valid
DidactGothic-Regular,train
Inconsolata-SemiCondensedMedium,train
NovaMono,test
SecularOne-Regular,valid
MPLUS1Code[wght],test
FiraSansExtraCondensed-ExtraLight,train
SyneTactile-Regular,test
Tomorrow-ExtraLight,test
Almarai-Regular,test
CormorantUnicase-Light,train
InriaSerif-Light,test
ChakraPetch-BoldItalic,test
SpectralSC-Regular,valid
AnonymousPro-Regular,train
KiteOne-Regular,train
Kalam-Light,train
Battambang-Light,test
NotoSerifTC[wght],test
BebasNeue-Regular,test
MontserratAlternates-BlackItalic,train
OverlockSC-Regular,train
Dongle-Light,test
Neuton-Light,train
MontserratAlternates-Italic,train
Teko-Regular,valid
"Tourney[wdth,wght]",test
BeVietnam-SemiBold,test
Sarabun-ExtraLightItalic,valid
BIZUDMincho-Regular,train
Hanuman-Black,train
Khand-Regular,train
ChakraPetch-MediumItalic,test
Fahkwang-ExtraLight,test
NanumMyeongjo-ExtraBold,train
TitilliumWeb-LightItalic,valid
Grenze-Thin,test
Unkempt-Bold,valid
Unna-Bold,valid
Metrophobic-Regular,train
ArimaMadurai-Light,train
AsapCondensed-Medium,train
Mallanna-Regular,train
Geo-Oblique,train
StalinistOne-Regular,valid
Alatsi-Regular,test
Lato-Thin,train
BowlbyOneSC-Regular,train
Sarabun-ExtraBold,valid
NanumGothicCoding-Regular,train
CormorantInfant-SemiBoldItalic,train
PortLligatSans-Regular,train
Molengo-Regular,train
MartelSans-ExtraLight,train
Lora-Italic[wght],train
CarroisGothicSC-Regular,train
Livvic-ThinItalic,test
TitilliumWeb-BoldItalic,valid
Hanuman-Thin,train
Ledger-Regular,train
Athiti-Light,train
Pridi-Light,train
ArchivoNarrow-Italic[wght],train
Cagliostro-Regular,train
Spectral-Light,valid
AmaticSC-Bold,train
IMFePIrm28P,valid
Unna-Regular,valid
RUSerius-Regular,test
FaunaOne-Regular,train
BlakaInk-Regular,test
Inconsolata-UltraCondensedRegular,train
BeVietnamPro-ExtraLight,test
EkMukta-Bold,train
BeVietnamPro-Bold,test
BonheurRoyale-Regular,test
Sansita-ExtraBoldItalic,valid
Cuprum[wght],train
Amaranth-Regular,train
Michroma,test
IBMPlexMono-Light,train
MedulaOne-Regular,train
HindColombo-Regular,train
FiraSansCondensed-ThinItalic,train
Finlandica-Italic[wght],train
"Texturina[opsz,wght]",test
OverpassMono[wght],train
Trochut-Regular,valid
EagleLake-Regular,train
Tomorrow-BoldItalic,test
NanumGothic-ExtraBold,train
Kanit-BlackItalic,train
CormorantSC-Light,train
LeagueSpartan[wght],test
Bentham-Regular,train
TitilliumWeb-SemiBoldItalic,valid
Sarabun-ThinItalic,valid
Spectral-BoldItalic,valid
SairaStencilOne-Regular,test
KiwiMaru-Light,test
NewsCycle-Regular,train
Inconsolata-CondensedSemiBold,train
Roboto-Black,valid
Spectral-Medium,valid
CantoraOne-Regular,train
NATS-Regular,train
Fasthand-Regular,train
MavenProVFBeta,train
Aleo-Bold,test
Palanquin-Medium,train
NunitoSans-Black,train
ProzaLibre-Medium,train
ChelseaMarket-Regular,train
PlusJakartaSans-Italic[wght],valid
RoundedMplus1c-Bold,test
Judson-Regular,train
Spectral-ExtraBold,valid
SairaExtraCondensed-Thin,valid
Almendra-BoldItalic,train
ArchivoBlack-Regular,train
GenBkBasR,train
HappyMonkey-Regular,train
Geo-Regular,train
EncodeSansSemiExpanded-Light,train
Harmattan-Regular,train
Elsie-Regular,train
PrincessSofia-Regular,train
MuktaMahee-Regular,train
GFSNeohellenic,train
Livvic-Medium,test
Yomogi-Regular,test
Flamenco-Regular,train
SquarePeg-Regular,test
Jost-Italic[wght],test
Ruluko-Regular,valid
Magra-Regular,train
Sunflower-Medium,valid
BarlowSemiCondensed-Thin,train
Gorditas-Bold,train
Maitree-ExtraLight,train
OrelegaOne-Regular,test
"Fraunces-Italic[SOFT,WONK,opsz,wght]",test
IBMPlexSerif-Bold,train
RhodiumLibre-Regular,valid
Coda-ExtraBold,train
"Georama-Italic[wdth,wght]",test
CormorantSC-Regular,train
Khand-SemiBold,train
GentiumBookPlus-Regular,train
RampartOne-Regular,test
ArimaMadurai-Medium,train
Astloch-Bold,train
Alegreya[wght],train
FiraSansExtraCondensed-SemiBold,train
Diplomata-Regular,train
Grandstander[wght],test
MontserratAlternates-ExtraBold,train
Blinker-SemiBold,test
CormorantGaramond-MediumItalic,train
Goldman-Regular,test
Cherish-Regular,test
CormorantInfant-Light,train
Prociono-Regular,train
BarlowCondensed-Light,train
MontserratAlternates-Thin,train
BioRhymeExpanded-ExtraBold,train
Krub-SemiBold,test
LilitaOne-Regular,train
Trirong-Thin,valid
BeVietnam-Thin,test
Arsenal-Bold,train
MedievalSharp,test
Monda-Bold,train
Iceland-Regular,train
IBMPlexSansCondensed-Thin,train
EncodeSansExpanded-Medium,train
FiraMono-Medium,test
Bungee-Regular,train
Peralta-Regular,train
BeVietnam-Bold,test
IBMPlexSans-ThinItalic,train
FrankRuhlLibre-Bold,train
Tomorrow-ExtraBoldItalic,test
KoHo-ExtraLight,test
Mali-Bold,test
Mitr-Regular,train
Inconsolata-UltraExpandedBold,train
RacingSansOne-Regular,valid
Inconsolata-CondensedRegular,train
GlassAntiqua-Regular,train
Kavoon-Regular,train
"NotoSansMono[wdth,wght]",test
SometypeMono-Regular,test
Inconsolata-Black,train
LexendPeta[wght],test
Lato-ExtraBoldItalic,train
B612Mono-BoldItalic,test
RedHatDisplay-Italic[wght],test
Krub-Medium,test
"AnekLatin[wdth,wght]",valid
Skranji-Bold,valid
NothingYouCouldDo,test
MuktaMahee-SemiBold,train
MiltonianTattoo-Regular,train
GeostarFill-Regular,train
ReemKufiInk-Regular,test
JosefinSlab[wght],train
SairaCondensed-Bold,valid
Artifika-Regular,train
IBMPlexSansThaiLooped-Regular,test
Caladea-BoldItalic,test
Kanit-ThinItalic,train
MuseoModerno[wght],test
GravitasOne,test
Sniglet-Regular,valid
Niramit-Regular,test
MuktaMalar-SemiBold,train
MuktaMalar-Bold,train
Nokora-Regular,train
K2D-SemiBold,test
B612Mono-Italic,test
Manuale-Italic[wght],train
KoHo-Italic,test
AveriaSerifLibre-Light,train
HindSiliguri-Medium,train
SignikaNegative[wght],valid
Coustard-Black,train
SourceSansPro-BoldItalic,valid
RobotoSlab[wght],valid
AdventPro-ExtraLight,train
"Roboto[wdth,wght]",valid
IBMPlexSansDevanagari-SemiBold,test
SometypeMono-MediumItalic,test
Livvic-ExtraLightItalic,test
SpaceMono-Italic,valid
Grenze-SemiBold,test
Vazirmatn[wght],train
Viga-Regular,valid
SourceSansPro-Regular,valid
Mali-Medium,test
VT323-Regular,test
Poppins-MediumItalic,train
InriaSerif-Italic,test
Nokora-Bold,train
AlegreyaSC-ExtraBold,train
SpectralSC-LightItalic,valid
RozhaOne-Regular,valid
Rowdies-Bold,test
Marcellus-Regular,train
Grenze-Regular,test
BeVietnamPro-ExtraBoldItalic,test
Tomorrow-Medium,test
Maitree-Regular,train
Frijole-Regular,train
Arvo-Italic,train
MochiyPopOne-Regular,test
EncodeSansCondensed-ExtraLight,train
Caladea-Regular,test
PalanquinDark-Bold,train
Overlock-BlackItalic,train
NotoSans-ExtraLight,train
NotoSansHK[wght],test
GothicA1-SemiBold,train
SignikaNegativeSC-Regular,test
Fahkwang-LightItalic,test
Tinos-Italic,valid
jsMath-cmbx10,test
BigShouldersInlineText[wght],test
Splash-Regular,train
DenkOne-Regular,train
SairaExtraCondensed-ExtraBold,valid
HindColombo-Bold,train
DavidLibre-Bold,test
Finlandica[wght],valid
EBGaramond[wght],train
Sarabun-Italic,valid
LondrinaSolid-Regular,train
Tienne-Black,valid
TenaliRamakrishna-Regular,valid
MajorMonoDisplay-Regular,test
RubikBubbles-Regular,test
Manrope[wght],test
KohSantepheap-Black,test
OpenSansCondensed-Bold,train
TitilliumWeb-ExtraLight,valid
Fresca-Regular,train
Kanit-Italic,train
Alike-Regular,train
HindVadodara-Bold,train
"AnekTamil[wdth,wght]",train
"BodoniModa-Italic[opsz,wght]",test
Yellowtail-Regular,test
Tienne-Bold,valid
"Literata[opsz,wght]",test
Merriweather-Italic,train
KulimPark-BoldItalic,test
AtkinsonHyperlegible-Bold,test
DarumadropOne-Regular,test
SourceSerifPro-Black,valid
Kanit-ExtraLightItalic,train
RammettoOne-Regular,valid
AbhayaLibre-Bold,train
MochiyPopPOne-Regular,test
AlumniSansInlineOne-Regular,test
SueEllenFrancisco-Regular,test
OxygenMono-Regular,train
BigshotOne-Regular,train
Copse-Regular,train
Gudea-Italic,train
Spectral-ExtraLightItalic,valid
MontserratAlternates-LightItalic,train
PoetsenOne-Regular,train
EBGaramond-Italic[wght],train
Khula-Regular,train
AsapCondensed-Bold,train
SourceSerifPro-Light,valid
IBMPlexSerif-ExtraLightItalic,train
Shizuru-Regular,test
AveriaSansLibre-BoldItalic,train
Felipa-Regular,train
SeoulHangangCondensed-Bold,train
RockSalt-Regular,valid
KulimPark-Italic,test
Rokkitt[wght],valid
IBMPlexSansArabic-Light,test
Tillana-Medium,valid
Trirong-Italic,valid
Prompt-ExtraBold,train
CharisSIL-Bold,valid
VollkornSC-Bold,valid
Inconsolata-ExtraExpandedBold,train
MountainsofChristmas-Regular,train
Lustria-Regular,train
Kameron-Bold,train
Mitr-Medium,train
NunitoSans-Regular,train
Strait-Regular,valid
Enriqueta-Bold,train
Chonburi-Regular,train
RedHatMono[wght],test
IBMPlexSansKR-Regular,test
LeagueScript-Regular,test
ZenOldMincho-SemiBold,test
Tomorrow-Regular,test
Sarpanch-Medium,valid
Wellfleet-Regular,test
FrankRuhlLibre-Medium,train
Kodchasan-Italic,test
Spectral-ExtraLight,valid
LexendExa[wght],test
HachiMaruPop-Regular,test
Benne-Regular,test
Chokokutai-Regular,test
Gantari[wght],train
AlegreyaSansSC-Regular,train
Neuton-Bold,train
JosefinSans-Italic[wght],train
SairaCondensed-Regular,valid
Pompiere-Regular,train
Kanit-Bold,train
IBMPlexSansArabic-Medium,test
VesperLibre-Regular,valid
Andika-Italic,train
AsapCondensed-Italic,train
Merriweather-LightItalic,train
DeliusUnicase-Bold,train
Inconsolata-ExtraExpandedBlack,train
Trirong-ExtraBoldItalic,valid
HindMadurai-Regular,train
"AnekGurmukhi[wdth,wght]",test
IBMPlexSansArabic-ExtraLight,test
SpectralSC-Light,valid
IMFeENsc28P,train
Trirong-LightItalic,valid
KohSantepheap-Bold,test
"Handjet[EGRD,ESHP,wght]",test
GentiumPlus-Bold,valid
Farro-Light,test
SeaweedScript-Regular,valid
AtomicAge-Regular,train
Inconsolata-ExtraExpandedSemiBold,train
Share-BoldItalic,valid
Sarpanch-Regular,valid
HindKochi-Medium,train
OpenSansHebrewCondensed-BoldItalic,test
RoundedMplus1c-ExtraBold,train
Roboto-LightItalic,valid
KolkerBrush-Regular,test
Miama-Regular,train
RoundedMplus1c-Medium,train
Philosopher-Bold,train
Salsa-Regular,valid
GentiumPlus-BoldItalic,valid
LibreBarcode39Extended-Regular,test
Inconsolata-SemiCondensedBold,train
Kadwa-Bold,train
Tomorrow-ExtraBold,test
Sen-Bold,test
BigShouldersInlineDisplay[wght],test
Philosopher-Regular,train
BungeeInline-Regular,train
AveriaLibre-Bold,train
Yrsa[wght],test
FlowCircular-Regular,test
WaitingfortheSunrise,test
MsMadi-Regular,train
AlegreyaSans-Bold,train
Norican-Regular,train
AsapVFBeta-Italic,test
Rosario-Italic[wght],valid
Asar-Regular,train
GenBkBasBI,train
Grenze-LightItalic,test
DaysOne-Regular,train
Arapey-Regular,train
Sura-Bold,valid
BalooTammudu2[wght],test
Mansalva-Regular,test
Mplus1p-Medium,valid
Mali-ExtraLightItalic,test
AveriaLibre-Italic,train
Sedan-Regular,valid
NotoSerif-Bold,train
Iceberg-Regular,train
jsMath-cmr10,test
BilboSwashCaps-Regular,train
FiraSansExtraCondensed-Bold,train
Dhyana-Bold,train
TiroDevanagariMarathi-Regular,train
Hind-Medium,train
Gaegu-Bold,train
Montez-Regular,train
HindColombo-Light,train
SourceSans3-Italic[wght],test
Inconsolata-UltraExpandedSemiBold,train
Inconsolata-UltraCondensed,train
CrimsonText-Regular,train
FrederickatheGreat-Regular,train
SairaSemiCondensed-ExtraBold,valid
B612-BoldItalic,test
Krub-ExtraLightItalic,test
HindJalandhar-SemiBold,train
Antic-Regular,train
GenBasI,test
Prompt-BoldItalic,train
IBMPlexSans-ExtraLight,train
"RobotoSerif[GRAD,opsz,wdth,wght]",train
HindMysuru-Light,train
Gudea-Regular,train
Laila-Bold,train
MuktaVaani-Bold,train
ArimaMadurai-Thin,train
Share-Bold,valid
SofadiOne-Regular,valid
Chivo-Black,train
Cutive-Regular,train
Economica-Bold,train
ArefRuqaaInk-Bold,valid
MrsSheppards-Regular,train
Scada-Italic,valid
IBMPlexSansThaiLooped-SemiBold,test
SairaSemiCondensed-Bold,valid
Sarabun-ExtraBoldItalic,valid
Thasadith-BoldItalic,test
BarlowSemiCondensed-MediumItalic,train
Martel-Light,train
ChakraPetch-LightItalic,test
EkMukta-Medium,train
Teko-Medium,valid
IBMPlexSerif-BoldItalic,train
Almarai-Light,test
Schoolbell-Regular,valid
Inconsolata-ExtraCondensedExtraBold,train
Overlock-BoldItalic,train
Sarabun-MediumItalic,valid
OldStandard-Italic,test
Biryani-ExtraBold,train
Tillana-Bold,valid
JollyLodger-Regular,train
Krub-MediumItalic,test
CaveatBrush-Regular,train
Bellota-Light,test
GentiumPlus-Italic,train
IBMPlexSerif-MediumItalic,train
Niramit-ExtraLight,test
CrimsonText-SemiBold,train
Explora-Regular,test
Neuton-Regular,train
SairaSemiCondensed-Medium,valid
"MontaguSlab[opsz,wght]",test
Marmelad-Regular,train
TurretRoad-Medium,test
YanoneKaffeesatz[wght],test
Biryani-Regular,train
IBMPlexSerif-Regular,train
Livvic-MediumItalic,test
Inconsolata-Expanded,train
Kanit-ExtraLight,train
Homenaje-Regular,train
Aleo-Light,test
MuktaMalar-Light,train
Rosario[wght],valid
Aleo-Italic,test
Mali-LightItalic,test
BarlowCondensed-Medium,train
Arsenal-Italic,train
Trirong-ExtraLightItalic,valid
IBMPlexSansCondensed-ThinItalic,train
DeliusUnicase-Regular,train
DarkerGrotesque-SemiBold,test
CormorantUpright-SemiBold,train
ElsieSwashCaps-Regular,train
IBMPlexSansKR-Medium,test
NanumMyeongjo-Regular,train
InriaSerif-Bold,test
NovaSlim,test
Thasadith-Regular,test
Biryani-ExtraLight,train
SawarabiGothic-Regular,test
"Tourney-Italic[wdth,wght]",test
SourceSansPro-Black,valid
BaiJamjuree-SemiBoldItalic,test
Kanit-ExtraBold,train
AveriaSerifLibre-LightItalic,train
RoundedMplus1c-Regular,train
Karma-Regular,train
BellotaText-Bold,test
Faustina[wght],train
JotiOne-Regular,train
Grenze-Medium,test
PostNoBillsColombo-ExtraBold,train
AzeretMono-Italic[wght],test
CuteFont-Regular,train
Enriqueta-SemiBold,train
Volkhov-Italic,valid
Varela-Regular,valid
Questrial-Regular,train
Barrio-Regular,train
Changa[wght],train
MacondoSwashCaps-Regular,train
AveriaLibre-LightItalic,train
AdventPro-Thin,train
IBMPlexSansDevanagari-ExtraLight,test
BerkshireSwash-Regular,train
Lancelot-Regular,train
IBMPlexSerif-ThinItalic,train
BioRhyme-ExtraLight,train
Battambang-Black,test
Grenze-ExtraBold,test
Barlow-Thin,train
Kranky-Regular,train
GreyQo-Regular,test
Unna-BoldItalic,valid
AlegreyaSans-Light,train
NotoSans-Black,train
Tuffy-Italic,valid
EncodeSansCondensed-ExtraBold,train
AveriaSansLibre-LightItalic,train
Kanit-SemiBoldItalic,train
"NotoSerifDisplay-Italic[wdth,wght]",test
Prompt-Light,train
Prompt-ExtraLightItalic,train
Caudex-Italic,train
ShipporiMincho-Medium,test
Poppins-Black,train
AlegreyaSansSC-BoldItalic,train
Spectral-MediumItalic,valid
GrechenFuemen-Regular,test
PT_Sans-Narrow-Web-Regular,valid
Rubik-Italic[wght],test
Niramit-Medium,test
KaiseiOpti-Bold,test
Miltonian-Regular,train
ShareTech-Regular,valid
K2D-Regular,test
PragatiNarrow-Bold,train
ProzaLibre-SemiBoldItalic,train
CabinSketch-Bold,train
HindMysuru-Regular,train
Aleo-Regular,test
GentiumPlus-Regular,test
ZCOOLQingKeHuangYou-Regular,test
SairaSemiCondensed-Regular,valid
KoHo-Bold,test
CrimsonPro-Italic[wght],test
NotoSerifJP[wght],test
Poppins-BlackItalic,train
Niramit-MediumItalic,test
B612-Bold,test
Margarine-Regular,train
MontserratAlternates-Regular,train
CarroisGothic-Regular,train
Bellota-LightItalic,test
Lato-Italic,train
IngridDarling-Regular,train
IBMPlexSerif-Medium,train
BM-HANNA,test
Armata-Regular,train
NotoSerifSC[wght],test
Mirza-Bold,train
NovaRound,test
NovaSquare,test
Yantramanav-Light,test
DawningofaNewDay,test
Khand-Bold,train
Mukta-Bold,train
Brygada1918[wght],test
SortsMillGoudy-Regular,valid
DMSerifDisplay-Regular,test
Roboto-Light,valid
PT_Serif-Web-Bold,train
Mali-SemiBold,test
Thasadith-Italic,test
PoorStory-Regular,train
Poly-Italic,train
CormorantGaramond-Light,train
Carattere-Regular,test
Nobile-Italic,train
Gayathri-Thin,test
SourceSansPro-BlackItalic,valid
Sen-Regular,test
YaldeviColombo-ExtraLight,test
Oswald[wght],train
FiraSansCondensed-MediumItalic,train
EncodeSansSemiExpanded-Black,train
Nobile-Bold,train
CormorantGaramond-BoldItalic,train
AdventPro-SemiBold,train
MuktaVaani-ExtraLight,train
Sancreek-Regular,valid
ArimaMadurai-Bold,train
PatrickHand-Regular,train
Sarala-Regular,valid
SourceSansPro-ExtraLightItalic,valid
Smythe-Regular,valid
OpenSansHebrew-Bold,valid
NotoSans-BoldItalic,train
MarkoOne-Regular,train
IBMPlexSerif-Thin,train
NunitoSans-ExtraBoldItalic,train
BeVietnamPro-BlackItalic,test
Livvic-Regular,test
Balthazar-Regular,train
Baloo2[wght],test
FjordOne-Regular,train
AlegreyaSansSC-ExtraBoldItalic,train
ChangaOne-Regular,train
Mitr-Bold,train
RedHatText[wght],test
ChakraPetch-ExtraLightItalic,test
Grenze-ExtraLight,test
DiplomataSC-Regular,train
Fahkwang-BoldItalic,test
ElsieSwashCaps-Black,train
EncodeSansSemiExpanded-ExtraLight,train
Spirax-Regular,valid
Fahkwang-SemiBoldItalic,test
Besley-Italic[wght],test
HindJalandhar-Regular,train
RoundedMplus1c-Light,test
Yantramanav-Medium,test
ZenKakuGothicNew-Regular,train
IBMPlexSansDevanagari-Regular,test
HindGuntur-Regular,train
Griffy-Regular,train
IBMPlexSerif-Light,train
IBMPlexSansKR-Light,test
AsapCondensed-MediumItalic,train
Belgrano-Regular,train
ZenKakuGothicAntique-Medium,test
Cambay-BoldItalic,train
NanumGothic-Regular,train
Inconsolata-Regular,train
Castoro-Italic,test
SwankyandMooMoo,test
Inconsolata-UltraExpandedBlack,train
BeVietnam-Italic,test
Caudex-Bold,train
AlegreyaSC-BlackItalic,train
Tinos-Regular,valid
TitilliumWeb-Bold,valid
ConcertOne-Regular,train
Zeyada,test
Nobile-BoldItalic,train
Spectral-Bold,valid
UncialAntiqua-Regular,valid
OpenSansHebrewCondensed-Light,train
ComicNeue-BoldItalic,test
NovaScript-Regular,train
Volkhov-Bold,valid
ShipporiMinchoB1-Bold,test
AlegreyaSans-Medium,train
"NotoSerifDisplay[wdth,wght]",test
Quattrocento-Bold,valid
Marvel-Regular,train
Livvic-Black,test
SeoulHangang-Medium,valid
AlegreyaSC-MediumItalic,train
IBMPlexSansCondensed-Medium,train
ZenKakuGothicAntique-Bold,test
Eczar[wght],train
KantumruyPro-Italic[wght],train
NotoSans-Light,train
Almendra-Bold,train
Epilogue-Italic[wght],test
Inconsolata-ExpandedSemiBold,train
GrenzeGotisch[wght],test
InknutAntiqua-ExtraBold,train
Montserrat[wght],train
AlegreyaSansSC-Light,train
FascinateInline-Regular,train
Asap-Italic[wght],train
GothicA1-Black,train
Stoke-Regular,valid
NovaOval,test
DarkerGrotesque-Medium,test
Tomorrow-Bold,test
IMFELLDoublePica-Regular,test
Farsan-Regular,train
Niconne-Regular,train
Battambang-Bold,test
Akronim-Regular,train
Kavivanar-Regular,train
KaiseiHarunoUmi-Bold,test
Aleo-LightItalic,test
DarkerGrotesque-ExtraBold,test
ReggaeOne-Regular,test
FontdinerSwanky-Regular,train
Esteban-Regular,train
NotoSerif-BoldItalic,train
Elsie-Black,train
IBMPlexSans-ExtraLightItalic,train
FiraSans-Italic,test
PetitFormalScript-Regular,train
SuezOne-Regular,valid
BioRhymeExpanded-Bold,train
Barlow-MediumItalic,train
Almendra-Regular,train
ZenAntique-Regular,test
ZenLoop-Regular,test
EncodeSansExpanded-ExtraLight,train
DMMono-LightItalic,test
PressStart2P-Regular,train
Nobile-Regular,train
OtomanopeeOne-Regular,test
Pangolin-Regular,train
TitilliumWeb-Regular,valid
IBMPlexSansCondensed-Regular,train
Taviraj-BoldItalic,valid
IBMPlexSansDevanagari-Medium,test
Battambang-Thin,test
CrimsonText-Bold,train
FrankRuhlLibre-Black,train
SeoulHangang-Light,train
Brawler-Regular,train
BeVietnamPro-ExtraBold,test
PuppiesPlay-Regular,valid
IBMPlexMono-ThinItalic,train
Overpass[wght],train
Grenze-Bold,test
CabinCondensed-Medium,train
AlegreyaSansSC-Thin,train
Englebert-Regular,train
TitilliumWeb-SemiBold,valid
Poppins-Medium,train
SpaceGrotesk[wght],test
Lato-Regular,train
Signika[wght],valid
BalsamiqSans-Italic,test
Inconsolata-SemiCondensedLight,train
Barlow-ExtraBoldItalic,train
OpenSansHebrewCondensed-Italic,test
ZenOldMincho-Black,train
FiraMono-Regular,test
Trocchi-Regular,valid
Alef-Regular,train
Srisakdi-Bold,test
Kanit-Black,train
ZenLoop-Italic,test
Romanesco-Regular,valid
SawarabiMincho-Regular,valid
Sail-Regular,valid
"Commissioner[FLAR,VOLM,slnt,wght]",test
HindSiliguri-Regular,train
RussoOne-Regular,valid
InriaSerif-Regular,test
FiraSansCondensed-Black,train
CourierPrime-Bold,test
CourierPrime-Italic,test
B612-Regular,test
"Archivo[wdth,wght]",train
Pridi-ExtraLight,train
Satisfy-Regular,valid
SourceSerifPro-Bold,valid
Gupter-Medium,test
Mplus1p-Light,test
PassionOne-Bold,train
Buenard-Bold,train
KaiseiDecol-Regular,test
Sarabun-SemiBoldItalic,valid
HindVadodara-Regular,train
SyneMono-Regular,test
Limelight-Regular,train
BalsamiqSans-Regular,test
LifeSavers-Bold,train
Inconsolata-ExtraExpandedLight,train
Hanuman-Light,train
Gafata-Regular,train
IBMPlexSansHebrew-Thin,test
LoveLight-Regular,train
NerkoOne-Regular,test
"EncodeSansSC[wdth,wght]",test
IBMPlexSansCondensed-Italic,train
EncodeSansSemiCondensed-ExtraLight,train
NotoSans-ExtraBoldItalic,train
Mada-Black,train
K2D-BoldItalic,test
GFSNeohellenicBold,valid
OriginalSurfer-Regular,train
Allerta-Regular,train
Arya-Bold,train
Barlow-Light,train
AlegreyaSansSC-Black,train
Sevillana-Regular,valid
Mplus1p-Bold,test
Rye-Regular,valid
Tomorrow-MediumItalic,test
NunitoSans-Bold,train
Grenze-SemiBoldItalic,test
Amethysta-Regular,train
Inconsolata-ExpandedRegular,train
Blinker-Light,test
Numans-Regular,train
FiraSansCondensed-BoldItalic,train
Lato-ExtraBold,train
Krub-SemiBoldItalic,test
Padauk-Regular,test
K2D-SemiBoldItalic,test
Prompt-ThinItalic,train
Moulpali-Regular,test
JockeyOne-Regular,train
LovedbytheKing,test
LibreBarcode39Text-Regular,test
Chicle-Regular,train
KaiseiHarunoUmi-Regular,test
Epilogue[wght],test
IBMPlexSansThaiLooped-Thin,test
AdventPro-Bold,train
Inconsolata-CondensedMedium,train
Tangerine-Bold,valid
LibreBaskerville-Regular,train
Koulen-Regular,test
DarkerGrotesque-Black,test
BeVietnam-ThinItalic,test
MeieScript-Regular,train
AlmendraDisplay-Regular,train
FiraSansCondensed-Bold,train
Bahianita-Regular,test
IBMPlexSansThai-ExtraLight,test
IBMPlexMono-Italic,train
BalooPaaji2[wght],test
PostNoBillsJaffna-Bold,train
StintUltraExpanded-Regular,valid
Khula-Bold,train
Poppins-BoldItalic,train
PostNoBillsColombo-SemiBold,train
Kufam-Italic[wght],test
MontserratAlternates-MediumItalic,train
Yrsa-Italic[wght],test
FiraSans-MediumItalic,test
AlegreyaSans-BoldItalic,train
Inconsolata-CondensedExtraBold,train
Cormorant-Italic[wght],train
ReemKufi-SemiBold,valid
HiMelody-Regular,train
Montserrat-Italic[wght],train
Poppins-ThinItalic,train
Palanquin-Bold,train
MartelSans-Bold,train
MiriamLibre-Regular,train
PlayfairDisplaySC-Bold,train
EncodeSansSemiCondensed-Black,train
SairaCondensed-Light,valid
StardosStencil-Bold,valid
HindMadurai-Light,train
LibreBodoni-Italic[wght],train
Bokor-Regular,test
YuseiMagic-Regular,test
GreatVibes-Regular,train
Slabo27px-Regular,valid
IBMPlexSansArabic-Bold,test
Gulzar-Regular,test
GenBasB,train
IBMPlexMono-BoldItalic,train
"Gluten[slnt,wght]",test
Andika-Regular,train
FiraSans-ExtraBoldItalic,test
Laila-Regular,train
Inconsolata-CondensedExtraLight,train
ChauPhilomeneOne-Italic,train
FrankRuhlLibre-Light,train
Sarala-Bold,valid
SairaSemiCondensed-SemiBold,valid
Rakkas-Regular,valid
Sriracha-Regular,valid
Yaldevi[wght],test
IBMPlexSansArabic-SemiBold,test
AlegreyaSansSC-LightItalic,train
BhuTukaExpandedOne-Regular,valid
ProzaLibre-Bold,train
RokkittVFBeta,test
JacquesFrancoisShadow-Regular,train
AsapCondensed-SemiBold,train
PurplePurse-Regular,train
SairaSemiCondensed-Light,valid
Amiri-Italic,train
"AnekMalayalam[wdth,wght]",train
"EncodeSans[wdth,wght]",train
Pridi-Medium,train
LondrinaOutline-Regular,train
Calligraffitti-Regular,train
SpaceMono-BoldItalic,valid
KaiseiOpti-Regular,test
Trirong-ExtraLight,valid
ShadowsIntoLight,test
Inconsolata-SemiBold,train
Syne[wght],test
Livvic-Thin,test
SpectralSC-SemiBoldItalic,valid
Trirong-Black,valid
Economica-Italic,train
MontserratAlternates-ExtraLightItalic,train
KaushanScript-Regular,train
NotoSans-Italic,train
FrancoisOne-Regular,train
EkMukta-Regular,train
CinzelDecorative-Bold,train
ModernAntiqua-Regular,train
Cambay-Regular,train
AkayaKanadaka-Regular,test
AlegreyaSansSC-Italic,train
Amaranth-BoldItalic,train
SourceCodePro[wght],valid
KulimPark-ExtraLightItalic,test
Scada-BoldItalic,valid
Molle-Regular,train
BeVietnam-SemiBoldItalic,test
"RadioCanada-Italic[wdth,wght]",test
Barlow-SemiBold,train
Estonia-Regular,test
MergeOne-Regular,train
LexendMega[wght],test
BreeSerif-Regular,train
MuktaVaani-Regular,train
Inconsolata-ExtraExpandedExtraLight,train
CrimsonPro[wght],test
Grenze-ExtraBoldItalic,test
LiuJianMaoCao-Regular,test
Mplus1p-Regular,train
Ubuntu-Bold,valid
IBMPlexSerif-LightItalic,train
Lobster-Regular,train
FiraSansExtraCondensed-BoldItalic,train
Bonbon-Regular,train
"RobotoFlex[GRAD,XOPQ,XTRA,YOPQ,YTAS,YTDE,YTFI,YTLC,YTUC,opsz,slnt,wdth,wght]",test
LuckiestGuy-Regular,train
HindGuntur-Light,train
EncodeSansSemiExpanded-SemiBold,train
Heebo[wght],train
Poppins-ExtraLight,train
AdventPro-Medium,train
Roboto-ThinItalic,valid
Karantina-Bold,test
SairaSemiCondensed-Thin,valid
Trirong-SemiBold,valid
Blinker-Thin,test
RobotoCondensed-MediumItalic,valid
Mina-Bold,train
TiroDevanagariHindi-Regular,test
BarlowCondensed-SemiBoldItalic,train
KoPubBatang-Regular,train
Tuffy-Bold,valid
Cousine-Regular,train
Mada-Medium,train
FreckleFace-Regular,train
BalooDa2[wght],test
IBMPlexSansCondensed-BoldItalic,train
Halant-Light,train
Lemonada[wght],train
Lato-LightItalic,train
Mirza-SemiBold,train
Girassol-Regular,test
Trirong-Bold,valid
Lora[wght],train
MontserratSubrayada-Bold,train
Krub-LightItalic,test
Staatliches-Regular,test
IBMPlexSans-BoldItalic,train
"Piazzolla-Italic[opsz,wght]",test
LexendDeca[wght],test
Tajawal-Light,valid
FiraSansExtraCondensed-Regular,train
KaiseiDecol-Bold,test
Trirong-Medium,valid
DellaRespira-Regular,train
ShipporiMincho-Regular,test
Farro-Bold,test
PorterSansBlock-Regular,train
KulimPark-SemiBoldItalic,test
ShipporiMinchoB1-SemiBold,test
ChakraPetch-Italic,test
QwitcherGrypen-Bold,test
Trykker-Regular,valid
Tajawal-Medium,valid
TiroTelugu-Regular,train
DMSerifText-Italic,test
RedHatDisplay[wght],test
Chathura-ExtraBold,train
UbuntuCondensed-Regular,valid
Simonetta-Black,valid
AlumniSans-Italic[wght],test
CormorantGaramond-Medium,train
BaiJamjuree-Light,test
AveriaSansLibre-Italic,train
IBMPlexMono-Bold,train
TiroDevanagariSanskrit-Italic,valid
BungeeHairline-Regular,train
MySoul-Regular,test
EncodeSansExpanded-Regular,train
ReemKufi[wght],valid
IBMPlexSansKR-Bold,test
Babylonica-Regular,train
AndadaPro[wght],test
Sura-Regular,valid
DonegalOne-Regular,train
Buenard-Regular,train
EncodeSansSemiCondensed-Bold,train
Mirza-Regular,train
PollerOne,test
SulphurPoint-Bold,test
Prompt-BlackItalic,train
IBMPlexSansHebrew-SemiBold,test
Chivo-LightItalic,train
TiroTelugu-Italic,test
Sarpanch-Black,valid
IMFeFCrm28P,train
ChauPhilomeneOne-Regular,train
PassionOne-Black,train
GentiumBookPlus-Bold,valid
Uchen-Regular,test
Paprika-Regular,train
DavidLibre-Medium,test
Ubuntu-Light,valid
Spectral-Italic,valid
HeadlandOne-Regular,train
Damion-Regular,train
Karantina-Light,test
FiraSansCondensed-ExtraBoldItalic,train
SplineSans[wght],test
FiraSansExtraCondensed-ExtraBold,train
KoHo-SemiBoldItalic,test
FiraSansCondensed-Medium,train
Athiti-Bold,train
Allan-Regular,train
Sansation-LightItalic,valid
Cambay-Italic,train
IMFeDPsc28P,train
Jaldi-Bold,train
ExpletusSans-Italic[wght],train
ZenKakuGothicNew-Black,test
Gantari-Italic[wght],train
VarelaRound-Regular,valid
Tauri-Regular,valid
HindJalandhar-Light,train
CormorantUnicase-SemiBold,train
Trirong-MediumItalic,valid
Scheherazade-Regular,valid
BubblerOne-Regular,train
Poppins-ExtraLightItalic,train
Blinker-Bold,test
LibreCaslonDisplay-Regular,test
Gelasio-Bold,test
TitanOne-Regular,valid
AlegreyaSansSC-Medium,train
NotoSans-LightItalic,train
Inconsolata-ExtraCondensedRegular,train
TiroDevanagariHindi-Italic,valid
OpenSansHebrewCondensed-Bold,test
NunitoSans-BoldItalic,train
Roboto-Thin,valid
LibreBaskerville-Italic,train
RobotoCondensed-Medium,train
Antonio[wght],train
BubblegumSans-Regular,train
Kristi-Regular,train
AbhayaLibre-SemiBold,train
Spectral-SemiBold,valid
"BodoniModa[opsz,wght]",test
SourceSerifPro-SemiBoldItalic,valid
AlegreyaSC-Italic,train
Mali-MediumItalic,test
ReemKufi-Bold,valid
GenBasBI,test
Taviraj-ExtraBoldItalic,valid
Mirza-Medium,train
SeoulHangangCondensed-Medium,train
Mada-Bold,train
GenBkBasI,valid
Eater-Regular,train
Prata-Regular,train
KoHo-Medium,test
NotoSansSC[wght],test
Birthstone-Regular,test
BakbakOne-Regular,test
ShareTechMono-Regular,valid
TitilliumWeb-Light,valid
BaiJamjuree-Italic,test
jsMath-cmti10,test
Tienne-Regular,valid
Fuggles-Regular,test
CormorantGaramond-SemiBold,train
HindVadodara-SemiBold,train
Sarabun-LightItalic,valid
AzeretMono[wght],test
BarlowCondensed-Black,train
EncodeSansSemiCondensed-Light,train
Rajdhani-Bold,valid
FiraSansExtraCondensed-SemiBoldItalic,train
Italianno-Regular,train
ShipporiMincho-ExtraBold,test
SairaExtraCondensed-Black,valid
BethEllen-Regular,test
NunitoSans-Light,train
SairaExtraCondensed-Medium,valid
GowunBatang-Bold,test
Grenze-BlackItalic,test
BarlowSemiCondensed-Regular,train
AmstelvarAlpha-VF,train
Scheherazade-Bold,valid
CabinCondensed-Regular,train
NotoSans-ExtraLightItalic,train
Warnes-Regular,test
Arvo-Bold,train
IBMPlexSansThai-Light,test
IstokWeb-Italic,train
BowlbyOne-Regular,train
ComicNeue-Italic,test
Yantramanav-Black,test
jsMath-cmex10,test
MuktaVaani-Medium,train
SpectralSC-MediumItalic,valid
CarterOne,test
ZillaSlab-Italic,test
Capriola-Regular,train
InknutAntiqua-SemiBold,train
Monda-Regular,train
Mulish[wght],test
Barlow-LightItalic,train
Kings-Regular,train
CormorantUpright-Light,train
Merriweather-Regular,train
EncodeSansSemiCondensed-SemiBold,train
Athiti-Medium,train
IBMPlexSansCondensed-SemiBoldItalic,train
SpaceMono-Bold,valid
Pridi-Bold,train
CormorantSC-Bold,train
DMSans-MediumItalic,test
FiraSansExtraCondensed-LightItalic,train
Lato-Light,train
ZenKakuGothicNew-Bold,valid
JuliusSansOne-Regular,train
Asap[wght],train
Oxygen-Regular,train
Lato-SemiBoldItalic,train
"Trispace[wdth,wght]",test
Ribeye-Regular,valid
Athiti-Regular,train
TheNautigal-Bold,test
YujiMai-Regular,test
MontserratAlternates-SemiBold,train
NotoTraditionalNushu-Regular,test
"Fraunces[SOFT,WONK,opsz,wght]",test
MonomaniacOne-Regular,test
OpenSansHebrewCondensed-ExtraBoldItalic,train
NotoSans-ThinItalic,train
Tomorrow-SemiBoldItalic,test
StardosStencil-Regular,valid
Inconsolata-ExpandedBlack,train
InriaSans-Regular,test
NicoMoji-Regular,test
Barlow-ThinItalic,train
FiraSansExtraCondensed-Black,train
SortsMillGoudy-Italic,valid
MuktaMahee-Light,train
OpenSansHebrew-ExtraBold,train
Ole-Regular,valid
ChakraPetch-SemiBold,test
Dynalight-Regular,train
Telex-Regular,valid
Dongle-Regular,test
"RadioCanada[wdth,wght]",test
ImperialScript-Regular,train
Tillana-SemiBold,valid
HindMadurai-Bold,train
MissFajardose-Regular,train
IBMPlexSansThai-SemiBold,test
EncodeSansCondensed-SemiBold,train
IBMPlexSansDevanagari-Thin,test
SometypeMono-BoldItalic,test
ProzaLibre-Italic,train
Charm-Regular,test
Combo-Regular,train
Gidugu-Regular,train
ShipporiMincho-SemiBold,test
BeVietnam-LightItalic,test
VollkornSC-SemiBold,valid
HindGuntur-Bold,train
Quicksand[wght],valid
Galindo-Regular,train
Chathura-Regular,train
TiroBangla-Regular,test
Boogaloo-Regular,train
Ubuntu-BoldItalic,valid
Judson-Italic,train
AlumniSansInlineOne-Italic,train
KaiseiHarunoUmi-Medium,test
DarkerGrotesque-Light,test
Livvic-Italic,test
Halant-Medium,train
Astloch-Regular,train
Fahkwang-Light,test
HomemadeApple-Regular,train
Inconsolata-SemiCondensedSemiBold,train
Enriqueta-Regular,train
Sansation-Light,valid
Battambang-Regular,test
Laila-Medium,train
NotoSans-BlackItalic,train
IBMPlexSansHebrew-Regular,test
TiroDevanagariSanskrit-Regular,valid
Manjari-Bold,test
Gupter-Bold,test
Halant-Regular,train
IMFeFCsc28P,test
TsukimiRounded-SemiBold,test
AlegreyaSansSC-Bold,train
KoPubBatang-Bold,train
Kalam-Bold,train
LakkiReddy-Regular,train
PT_Serif-Caption-Web-Italic,test
Hind-Light,train
UbuntuMono-Italic,valid
EncodeSansCondensed-Regular,train
Barlow-Regular,train
ZenTokyoZoo-Regular,test
Podkova[wght],train
LeagueGothic[wdth],test
IstokWeb-BoldItalic,train
ClickerScript-Regular,train
Kreon[wght],train
Fahkwang-ExtraLightItalic,test
Rock3D-Regular,test
IBMPlexSansKR-Thin,test
IrishGrover-Regular,train
Buda-Light,test
DelaGothicOne-Regular,test
SeoulNamsan-ExtraBold,train
Khula-SemiBold,train
RubikMonoOne-Regular,test
VesperLibre-Medium,valid
TitilliumWeb-ExtraLightItalic,valid
Charmonman-Bold,test
Inika-Bold,train
PT_Sans-Web-Regular,valid
OpenSansHebrew-Light,test
Jua-Regular,train
Inconsolata-ExtraCondensedMedium,train
Manjari-Thin,test
STIXTwoText-Italic[wght],test
Trirong-BoldItalic,valid
Domine[wght],train
Rufina-Regular,valid
KohSantepheap-Regular,test
"Newsreader[opsz,wght]",test
"AnekKannada[wdth,wght]",train
Comfortaa[wght],train
Aclonica-Regular,train
Mulish-Italic[wght],test
EduTASBeginner[wght],test
BIZUDPGothic-Bold,train
ZillaSlab-SemiBold,test
RocknRollOne-Regular,test
Galada-Regular,train
Nokora-Black,train
Tuffy-BoldItalic,valid
Fenix-Regular,train
Dosis[wght],train
Livvic-Bold,test
"Saira[wdth,wght]",valid
Roboto-Regular,valid
Lexend[wght],test
Quantico-Bold,valid
Voltaire-Regular,valid
Murecho[wght],valid
OFLGoudyStMTT-Italic,test
Arsenal-Regular,train
"Inconsolata[wdth,wght]",train
Ewert-Regular,train
Amaranth-Bold,train
Cousine-BoldItalic,train
DMMono-Regular,test
Hahmlet[wght],test
IBMPlexSans-SemiBold,train
Prompt-ExtraBoldItalic,train
Oldenburg-Regular,train
Fondamento-Italic,train
QuattrocentoSans-BoldItalic,valid
Yantramanav-Bold,test
Jomolhari-Regular,test
RougeScript-Regular,valid
Atma-Bold,train
CormorantUpright-Medium,train
SpecialElite-Regular,valid
OdibeeSans-Regular,test
Gayathri-Regular,test
TurretRoad-Light,test
HindVadodara-Light,train
Neuton-ExtraLight,train
Ovo-Regular,train
FiraSans-BlackItalic,test
Mukta-ExtraLight,train
CroissantOne-Regular,train
WindSong-Medium,test
Radley-Italic,valid
RibeyeMarrow-Regular,valid
OpenSansHebrew-BoldItalic,train
Asul-Bold,train
Grenze-Light,test
WorkSans[wght],test
IBMPlexSansCondensed-ExtraLightItalic,train
Volkhov-BoldItalic,valid
Overlock-Regular,train
LavishlyYours-Regular,test
LibreBarcode39-Regular,test
SonsieOne-Regular,valid
Atma-Light,train
SeoulNamsan-Bold,train
Tajawal-Regular,valid
BarlowCondensed-Italic,train
Quattrocento-Regular,valid
PostNoBillsColombo-Light,train
Imprima-Regular,train
Rajdhani-Regular,valid
ProzaLibre-ExtraBold,train
Economica-BoldItalic,train
KantumruyPro[wght],valid
Inconsolata-ExtraExpanded,train
HindMadurai-SemiBold,train
JejuGothic-Regular,test
RedactedScript-Light,test
Courgette-Regular,train
Inconsolata-Bold,train
ZenMaruGothic-Medium,train
BeVietnamPro-Black,test
Vollkorn[wght],test
VollkornSC-Regular,valid
Grenze-Italic,test
Khyay-Regular,test
NotoSans-Thin,train
EncodeSansExpanded-Black,train
YaldeviColombo-Medium,test
Sansation-Regular,valid
BalooBhaijaan2[wght],train
BaiJamjuree-Regular,test
Sumana-Regular,valid
GothicA1-ExtraLight,train
PinyonScript-Regular,train
Actor-Regular,train
ShipporiMinchoB1-ExtraBold,test
ZillaSlabHighlight-Bold,test
BarlowSemiCondensed-ExtraBoldItalic,train
PoiretOne-Regular,train
Pushster-Regular,test
BarlowCondensed-ThinItalic,train
AlegreyaSans-ExtraBold,train
PlayfairDisplaySC-Regular,train
"Anybody-Italic[wdth,wght]",valid
AlegreyaSC-Medium,train
"Truculenta[opsz,wdth,wght]",test
AveriaSerifLibre-Italic,train
MarkaziText-VF,train
ReadexPro[wght],test
"NotoSansDisplay[wdth,wght]",test
TwinkleStar-Regular,test
BalooTamma2[wght],test
SairaCondensed-Medium,valid
LexendZetta[wght],test
"RobotoSerif-Italic[GRAD,opsz,wdth,wght]",train
Petemoss-Regular,test
EncodeSansSemiCondensed-Thin,train
KoHo-Regular,test
Aladin-Regular,train
AlegreyaSC-BoldItalic,train
ZenOldMincho-Bold,train
Krub-ExtraLight,test
Ubuntu-MediumItalic,valid
Fahkwang-MediumItalic,test
BioRhymeExpanded-Light,train
"SourceSerif4[opsz,wght]",valid
KronaOne-Regular,train
Waterfall-Regular,test
AguafinaScript-Regular,train
YeonSung-Regular,test
Alata-Regular,test
ZenDots-Regular,test
SairaCondensed-Thin,valid
LibreBarcode128-Regular,test
Karma-SemiBold,train
Almarai-Bold,test
Unna-Italic,valid
TitilliumWeb-Black,valid
AndikaNewBasic-Italic,test
FiraSans-Black,test
Tomorrow-ThinItalic,test
LibreFranklin[wght],train
MateSC-Regular,train
Thabit-BoldOblique,valid
Allison-Regular,test
BellotaText-LightItalic,test
NotoSansKR[wght],test
Farro-Regular,test
Engagement-Regular,train
Carme-Regular,train
Merriweather-Bold,train
BeVietnam-Light,test
HindJalandhar-Medium,train
Thabit-Oblique,valid
Sarabun-ExtraLight,valid
SixCaps,test
OleoScript-Regular,train
NuosuSIL-Regular,train
TiroGurmukhi-Regular,test
ArchitectsDaughter-Regular,train
Wallpoet-Regular,test
ZenMaruGothic-Black,train
NewTegomin-Regular,test
Corben-Regular,test
Fruktur-Regular,train
SongMyung-Regular,valid
NotoSans-MediumItalic,train
ReemKufi-Regular,valid
Rambla-Regular,valid
Gelasio-Regular,test
IBMPlexMono-SemiBold,train
Kameron-Regular,train
Solway-Regular,test
Inconsolata-ExpandedMedium,train
Bevan-Italic,train
MooLahLah-Regular,valid
Roboto-Bold,valid
SairaCondensed-SemiBold,valid
Suwannaphum-Thin,valid
EncodeSansSemiCondensed-Medium,train
Enriqueta-Medium,train
BarlowCondensed-MediumItalic,train
Caladea-Bold,test
Inconsolata-UltraCondensedMedium,train
Brawler-Bold,train
LondrinaSolid-Thin,train
Kanit-Medium,train
MuktaMahee-Medium,train
NotoSerifKR[wght],test
EastSeaDokdo-Regular,train
Langar-Regular,test
PT_Serif-Web-Italic,test
AlegreyaSans-BlackItalic,train
Padauk-Bold,test
ZenMaruGothic-Regular,train
MeeraInimai-Regular,train
Rubik[wght],test
Crushed-Regular,train
Angkor-Regular,test
EncodeSansExpanded-SemiBold,train
Amiko-Regular,train
EncodeSansSemiExpanded-Regular,train
Barlow-ExtraBold,train
ZCOOLKuaiLe-Regular,test
MrBedfort-Regular,train
Cairo[wght],train
Neucha,test
NunitoSans-SemiBold,train
Roboto-MediumItalic,valid
AlegreyaSansSC-MediumItalic,train
"Cabin-Italic[wdth,wght]",train
Gupter-Regular,test
B612Mono-Regular,test
Chathura-Light,train
AlegreyaSC-Regular,train
K2D-Light,test
ProstoOne-Regular,train
K2D-MediumItalic,test
IMFeENit28P,test
Sanchez-Italic,valid
AkayaTelivigala-Regular,test
LobsterTwo-Bold,train
PostNoBillsColombo-Bold,train
Sarabun-BoldItalic,valid
JustAnotherHand-Regular,train
IBMPlexSansKR-SemiBold,test
FiraSans-ExtraBold,test
LuxuriousRoman-Regular,train
EncodeSansSemiExpanded-Medium,train
Scada-Regular,valid
Oregano-Italic,train
ReenieBeanie,test
IBMPlexMono-ExtraLight,train
Rasa-Italic[wght],valid
Qwigley-Regular,train
ChakraPetch-SemiBoldItalic,test
BirthstoneBounce-Medium,test
Puritan-Italic,train
MervaleScript-Regular,train
Marvel-BoldItalic,train
ZenAntiqueSoft-Regular,valid
Mada-ExtraLight,train
Kanit-BoldItalic,train
Shojumaru-Regular,valid
BarlowCondensed-BlackItalic,train
SplineSansMono-Italic[wght],test
SpectralSC-ExtraBoldItalic,valid
Tomorrow-Italic,test
XanhMono-Italic,test
Inconsolata-CondensedBlack,train
Cambo-Regular,train
Chewy-Regular,train
NunitoSans-ExtraLightItalic,train
DuruSans-Regular,train
ZenOldMincho-Regular,train
Merriweather-BoldItalic,train
ReemKufi-Medium,valid
Halant-Bold,train
Lato-Bold,train
Baskervville-Regular,test
AveriaLibre-BoldItalic,train
VujahdayScript-Regular,test
RoadRage-Regular,train
BarlowSemiCondensed-Bold,train
Festive-Regular,test
SeoulNamsanCondensed-Light,valid
Delius-Regular,train
Grenze-Black,test
Sunshiney-Regular,valid
KeaniaOne-Regular,train
NoticiaText-Italic,train
LibreCaslonText[wght],train
Maitree-Medium,train
Raleway-Italic[wght],valid
Orienta-Regular,train
SourceSerifPro-ExtraLight,valid
MaShanZheng-Regular,test
PottaOne-Regular,test
JimNightshade-Regular,train
IBMPlexSerif-Italic,train
Karma-Light,train
Niramit-LightItalic,test
OpenSansCondensed-Light,train
Unkempt-Regular,valid
ProzaLibre-ExtraBoldItalic,train
Krub-BoldItalic,test
BaiJamjuree-BoldItalic,test
PublicSans-Italic[wght],test
Sumana-Bold,valid
Niramit-SemiBoldItalic,test
HindMysuru-SemiBold,train
Metamorphous-Regular,train
CharisSIL-Italic,test
MontserratAlternates-Bold,train
PlayfairDisplaySC-Black,train
Updock-Regular,train
BeVietnamPro-ThinItalic,test
HoltwoodOneSC,test
ProzaLibre-MediumItalic,train
MontserratAlternates-Medium,train
Martel-ExtraBold,train
ShipporiMinchoB1-Regular,test
Smokum-Regular,valid
Tomorrow-ExtraLightItalic,test
Inconsolata-SemiCondensedExtraBold,train
Rambla-BoldItalic,valid
AlexBrush-Regular,train
Volkhov-Regular,valid
Inconsolata-ExpandedBold,train
NotoSans-Medium,train
Prompt-SemiBold,train
Playball-Regular,train
PT_Sans-Web-Italic,test
IBMPlexSansThai-Medium,test
ContrailOne-Regular,train
Mingzat-Regular,train
Skranji-Regular,valid
Mate-Italic,train
Sintony-Bold,valid
Palanquin-Regular,train
AmaticSC-Regular,train
Merriweather-Black,train
MontserratAlternates-SemiBoldItalic,train
SairaCondensed-Black,valid
NunitoSans-LightItalic,train
KulimPark-Regular,test
EncodeSansCondensed-Black,train
Biryani-Black,train
Prompt-SemiBoldItalic,train
jsMath-cmsy10,valid
RubikGlitch-Regular,test
DMMono-Italic,test
DMSans-Bold,test
Caladea-Italic,test
KaiseiTokumin-Medium,test
Maitree-SemiBold,train
KaiseiTokumin-Bold,test
GemunuLibre[wght],train
Blinker-Regular,test
Sarabun-SemiBold,valid
OpenSansHebrewCondensed-Regular,train
SourceSansPro-Light,valid
Barlow-Italic,train
ZenOldMincho-Medium,test
TradeWinds-Regular,valid
BaiJamjuree-Bold,test
ZenKakuGothicAntique-Regular,train
Moul-Regular,test
SeoulNamsanCondensed-Medium,valid
Geostar-Regular,train
Biryani-Light,train
Andika-Bold,train
Dokdo-Regular,train
SignikaNegativeSC-Light,test
WireOne-Regular,test
SairaExtraCondensed-Light,valid
KleeOne-SemiBold,test
IBMPlexSans-LightItalic,train
"Recursive[CASL,CRSV,MONO,slnt,wght]",test
Farro-Medium,test
PT_Serif-Caption-Web-Regular,test
Rambla-Italic,valid
FiraSansCondensed-LightItalic,train
OpenSansHebrew-Italic,train
PostNoBillsJaffna-Medium,train
RobotoMono-Italic[wght],valid
ChakraPetch-Bold,test
Neuton-ExtraBold,train
KleeOne-Regular,test
BeVietnamPro-MediumItalic,test
IBMPlexSerif-SemiBoldItalic,train
Kosugi-Regular,test
AtkinsonHyperlegible-Italic,test
BarlowSemiCondensed-Medium,train
TheGirlNextDoor,test
MontserratAlternates-ThinItalic,train
AlegreyaSans-Regular,train
Alegreya-Italic[wght],train
OldStandard-Bold,test
BeVietnam-Regular,test
Fahkwang-Bold,test
SairaCondensed-ExtraLight,valid
HindKochi-Light,train
Cantarell-Oblique,train
Jost[wght],test
TurretRoad-Bold,test
IslandMoments-Regular,train
Vibes-Regular,test
Roboto-Italic,valid
Inconsolata-Medium,train
Gugi-Regular,train
Prompt-Regular,train
Sansita-BoldItalic,valid
Yesteryear-Regular,test
RedRose[wght],test
FlowBlock-Regular,valid
Mukta-SemiBold,train
SourceSerifPro-Regular,valid
ReemKufiInk-Bold,test
TrainOne-Regular,test
Baskervville-Italic,test
Niramit-ExtraLightItalic,test
SmoochSans[wght],train
EmblemaOne-Regular,train
Quantico-Regular,valid
Pecita,test
Andika-BoldItalic,train
Ligconsolata-Bold,test
RubikMoonrocks-Regular,train
DavidLibre-Regular,test
K2D-ExtraBoldItalic,test
ArefRuqaa-Regular,train
ArefRuqaaInk-Regular,valid
AndikaNewBasic-Regular,test
Exo2-Italic[wght],train
Kodchasan-Regular,test
Inconsolata-SemiExpandedBold,train
PathwayGothicOne-Regular,train
Radley-Regular,valid
NotoSerifHK[wght],test
NotoSans-ExtraBold,train
HindMadurai-Medium,train
Halant-SemiBold,train
Mitr-ExtraLight,train
MuktaMahee-Bold,train
RubikMicrobe-Regular,train
Livvic-ExtraLight,test
MonteCarlo-Regular,test
FlowRounded-Regular,test
AlegreyaSans-MediumItalic,train
Besley[wght],test
AlfaSlabOne-Regular,train
SourceSerifPro-BlackItalic,valid
ButterflyKids-Regular,train
MartelSans-Black,train
Sahitya-Bold,valid
ChakraPetch-Medium,test
Solway-ExtraBold,test
Mada-SemiBold,train
SpectralSC-Italic,valid
FiraSansCondensed-Regular,train
Laila-SemiBold,train
Inconsolata-ExtraCondensedLight,train
Inconsolata-UltraCondensedBlack,train
Atma-Medium,train
Krub-Regular,test
Modak-Regular,train
LobsterTwo-Italic,train
Bellota-BoldItalic,test
IndieFlower-Regular,train
Kurale-Regular,train
ArimaMadurai-Regular,train
JetBrainsMono[wght],test
BIZUDPGothic-Regular,train
Trirong-ThinItalic,valid
MetalMania-Regular,train
Martel-Regular,train
KulimPark-Light,test
LilyScriptOne-Regular,train
FiraSansExtraCondensed-Light,train
Gaegu-Light,train
Mako-Regular,train
NanumPenScript-Regular,train
CormorantGaramond-Italic,train
Rowdies-Regular,test
Kanit-MediumItalic,train
Ubuntu-Regular,valid
InriaSerif-LightItalic,test
Arima[wght],valid
VesperLibre-Heavy,valid
KoHo-MediumItalic,test
FiraSansExtraCondensed-Thin,train
Tillana-Regular,valid
Sahitya-Regular,valid
SometypeMono-Italic,test
Megrim,test
BarlowSemiCondensed-ThinItalic,train
Overlock-Black,train
Scada-Bold,valid
LuxuriousScript-Regular,test
Nobile-MediumItalic,train
NunitoSans-SemiBoldItalic,train
AlikeAngular-Regular,train
LibreFranklin-Italic[wght],train
BioRhymeExpanded-ExtraLight,train
WalterTurncoat-Regular,test
InknutAntiqua-Medium,train
Gabriela-Regular,train
CabinCondensed-Bold,train
MuktaVaani-SemiBold,train
Grenze-ExtraLightItalic,test
Cinzel[wght],train
PalanquinDark-Regular,train
Prompt-ExtraLight,train
Taviraj-SemiBoldItalic,valid
SeoulNamsanVertical-Regular,train
GochiHand-Regular,train
Livvic-BoldItalic,test
RoundedMplus1c-Thin,test
K2D-ExtraBold,test
Smooch-Regular,train
FiraSansExtraCondensed-ExtraLightItalic,train
PT_Serif-Web-BoldItalic,valid
Rajdhani-SemiBold,valid
BeVietnamPro-SemiBold,test
IMFeFCit28P,test
Kodchasan-Medium,test
Caramel-Regular,test
BarlowSemiCondensed-ExtraLightItalic,train
Meddon,test
PermanentMarker-Regular,train
YaldeviColombo-Bold,test
IBMPlexSansCondensed-SemiBold,train
Fahkwang-Regular,test
MontserratAlternates-ExtraBoldItalic,train
Livvic-Light,test
Gelasio-SemiBoldItalic,test
BalooChettan2[wght],test
Kapakana[wght],test
Sansation-Bold,valid
Inconsolata-UltraCondensedExtraLight,train
Poppins-Bold,train
GrandHotel-Regular,train
NotoSans-Regular,train
NixieOne-Regular,train
BeVietnam-MediumItalic,test
JejuHallasan-Regular,train
Coustard-Regular,train
CinzelDecorative-Regular,train
Tapestry-Regular,test
MontserratAlternates-Light,train
Urbanist[wght],test
Righteous-Regular,valid
CormorantInfant-MediumItalic,train
BenchNine-Bold,train
Cedarville-Cursive,train
IbarraRealNova[wght],test
Amiko-SemiBold,train
Quando-Regular,valid
Strong-Regular,valid
Mandali-Regular,train
BonaNova-Italic,test
Taviraj-Black,valid
Khand-Medium,train
HennyPenny-Regular,train
Assistant[wght],train
Poppins-ExtraBold,train
"SofiaSans-Italic[wdth,wght]",test
TurretRoad-ExtraLight,test
RopaSans-Regular,valid
SquadaOne-Regular,valid
FiraSans-BoldItalic,test
CormorantUpright-Regular,train
SingleDay-Regular,valid
Inconsolata-SemiExpandedSemiBold,train
Barlow-Medium,train
StintUltraCondensed-Regular,valid
Chango-Regular,train
IBMPlexSansArabic-Regular,test
Arizonia-Regular,train
PlayfairDisplaySC-BoldItalic,train
HindSiliguri-SemiBold,train
SourceSansPro-Bold,valid
ScheherazadeNew-Regular,test
Bevan-Regular,train
Chathura-Thin,train
AlegreyaSansSC-BlackItalic,train
YaldeviColombo-SemiBold,test
Taviraj-MediumItalic,valid
QuattrocentoSans-Bold,valid
Oregano-Regular,train
Kodchasan-Light,test
BalsamiqSans-BoldItalic,test
SedgwickAveDisplay-Regular,valid
TheNautigal-Regular,valid
GrapeNuts-Regular,test
KaiseiOpti-Medium,test
LifeSavers-ExtraBold,train
IBMPlexMono-MediumItalic,train
Merriweather-Light,train
PTM55FT,train
FiraSansCondensed-SemiBoldItalic,train
OpenSansHebrew-ExtraBoldItalic,test
MartelSans-Light,train
HerrVonMuellerhoff-Regular,train
Kalam-Regular,train
SairaExtraCondensed-ExtraLight,valid
PT_Serif-Web-Regular,train
YaldeviColombo-Regular,test
Jura[wght],train
CrimsonText-SemiBoldItalic,train
SreeKrushnadevaraya-Regular,valid
GFSDidot-Regular,train
JustMeAgainDownHere,test
ShadowsIntoLightTwo-Regular,valid
Grenze-BoldItalic,test
Belleza-Regular,train
"OpenSans[wdth,wght]",train
